aluno_id,escola_id,tempo_segundos
aluno_001,Escola_Passo_Pedras,1306
aluno_001,Escola_Central_B,1497
aluno_001,Escola_Zona_Leste,3566
aluno_001,Escola_Central_A,978
aluno_001,Escola_Morgado_Rosa,2363
aluno_002,Escola_Zona_Norte,3364
aluno_001,Escola_Menno_Fiege,2723
aluno_001,Escola_Zona_Norte,2257
aluno_002,Escola_Central_A,2087
aluno_001,Escola_Getulio_Vargas,1664
aluno_001,Escola_Industrial,955
aluno_001,Escola_Castro_Alves,3303
aluno_002,Escola_Castro_Alves,4182
aluno_002,Escola_Passo_Pedras,1268
aluno_002,Escola_Morgado_Rosa,3061
aluno_002,Escola_Industrial,1941
aluno_002,Escola_Zona_Leste,4675
aluno_002,Escola_Central_B,2606
aluno_002,Escola_Getulio_Vargas,2650
aluno_003,Escola_Menno_Fiege,1929
aluno_003,Escola_Central_B,1781
aluno_003,Escola_Zona_Leste,2983
aluno_003,Escola_Zona_Norte,985
aluno_003,Escola_Central_A,1499
aluno_002,Escola_Menno_Fiege,3832
aluno_003,Escola_Castro_Alves,2398
aluno_004,Escola_Menno_Fiege,2066
aluno_004,Escola_Central_B,1907
aluno_004,Escola_Zona_Norte,3364
aluno_004,Escola_Morgado_Rosa,1180
aluno_004,Escola_Central_A,2185
aluno_004,Escola_Industrial,1569
aluno_003,Escola_Morgado_Rosa,4266
aluno_004,Escola_Castro_Alves,4835
aluno_003,Escola_Industrial,2948
aluno_005,Escola_Central_B,2991
aluno_004,Escola_Getulio_Vargas,619
aluno_005,Escola_Central_A,2476
aluno_005,Escola_Menno_Fiege,4218
aluno_005,Escola_Morgado_Rosa,3624
aluno_003,Escola_Getulio_Vargas,3201
aluno_005,Escola_Zona_Norte,3744
aluno_005,Escola_Industrial,2503
aluno_003,Escola_Passo_Pedras,2130
aluno_006,Escola_Central_B,889
aluno_005,Escola_Zona_Leste,5060
aluno_006,Escola_Central_A,1141
aluno_005,Escola_Castro_Alves,3861
aluno_005,Escola_Passo_Pedras,947
aluno_004,Escola_Zona_Leste,2729
aluno_005,Escola_Getulio_Vargas,3213
aluno_006,Escola_Passo_Pedras,1954
aluno_006,Escola_Morgado_Rosa,1684
aluno_006,Escola_Industrial,308
aluno_006,Escola_Zona_Norte,2438
aluno_004,Escola_Passo_Pedras,3308
aluno_007,Escola_Central_A,2888
aluno_007,Escola_Central_B,2355
aluno_006,Escola_Zona_Leste,2955
aluno_007,Escola_Menno_Fiege,1506
aluno_007,Escola_Passo_Pedras,4259
aluno_007,Escola_Morgado_Rosa,3921
aluno_007,Escola_Zona_Norte,2621
aluno_007,Escola_Castro_Alves,4092
aluno_006,Escola_Getulio_Vargas,986
aluno_007,Escola_Getulio_Vargas,2432
aluno_007,Escola_Zona_Leste,598
aluno_008,Escola_Central_A,1640
aluno_006,Escola_Castro_Alves,3851
aluno_007,Escola_Industrial,3407
aluno_006,Escola_Menno_Fiege,2108
aluno_008,Escola_Central_B,1983
aluno_008,Escola_Menno_Fiege,2625
aluno_008,Escola_Morgado_Rosa,4285
aluno_008,Escola_Passo_Pedras,1640
aluno_008,Escola_Industrial,2912
aluno_009,Escola_Zona_Norte,1871
aluno_009,Escola_Passo_Pedras,1426
aluno_009,Escola_Central_A,573
aluno_009,Escola_Zona_Leste,2917
aluno_009,Escola_Morgado_Rosa,2211
aluno_009,Escola_Menno_Fiege,2069
aluno_009,Escola_Industrial,882
aluno_010,Escola_Central_A,917
aluno_010,Escola_Central_B,1432
aluno_009,Escola_Getulio_Vargas,1320
aluno_009,Escola_Castro_Alves,3283
aluno_010,Escola_Passo_Pedras,997
aluno_010,Escola_Zona_Norte,2178
aluno_010,Escola_Menno_Fiege,2659
aluno_010,Escola_Zona_Leste,3502
aluno_010,Escola_Morgado_Rosa,2592
aluno_010,Escola_Getulio_Vargas,1700
aluno_010,Escola_Industrial,1221
aluno_010,Escola_Castro_Alves,2994
aluno_008,Escola_Zona_Norte,2022
aluno_011,Escola_Central_B,2601
aluno_011,Escola_Central_A,2082
aluno_011,Escola_Zona_Norte,3360
aluno_008,Escola_Zona_Leste,3917
aluno_011,Escola_Morgado_Rosa,3057
aluno_011,Escola_Menno_Fiege,3828
aluno_011,Escola_Zona_Leste,4670
aluno_009,Escola_Central_B,846
aluno_008,Escola_Getulio_Vargas,3317
aluno_008,Escola_Castro_Alves,1303
aluno_011,Escola_Industrial,1936
aluno_011,Escola_Castro_Alves,4178
aluno_012,Escola_Zona_Norte,541
aluno_012,Escola_Central_A,1161
aluno_011,Escola_Passo_Pedras,1263
aluno_012,Escola_Menno_Fiege,1048
aluno_012,Escola_Morgado_Rosa,3575
aluno_012,Escola_Passo_Pedras,2656
aluno_012,Escola_Central_B,1062
aluno_012,Escola_Industrial,2259
aluno_011,Escola_Getulio_Vargas,2645
aluno_012,Escola_Castro_Alves,1961
aluno_013,Escola_Zona_Norte,1949
aluno_012,Escola_Getulio_Vargas,2455
aluno_012,Escola_Zona_Leste,2103
aluno_013,Escola_Central_A,2418
aluno_013,Escola_Central_B,1885
aluno_013,Escola_Menno_Fiege,834
aluno_013,Escola_Zona_Leste,740
aluno_013,Escola_Castro_Alves,3373
aluno_013,Escola_Getulio_Vargas,1985
aluno_013,Escola_Morgado_Rosa,3473
aluno_014,Escola_Central_A,906
aluno_013,Escola_Industrial,2960
aluno_013,Escola_Passo_Pedras,3812
aluno_014,Escola_Zona_Leste,2830
aluno_014,Escola_Morgado_Rosa,1871
aluno_014,Escola_Getulio_Vargas,979
aluno_014,Escola_Castro_Alves,3616
aluno_015,Escola_Central_B,1322
aluno_014,Escola_Industrial,544
aluno_015,Escola_Zona_Norte,2501
aluno_015,Escola_Passo_Pedras,2953
aluno_014,Escola_Central_B,764
aluno_015,Escola_Menno_Fiege,1204
aluno_014,Escola_Menno_Fiege,1982
aluno_014,Escola_Zona_Norte,2203
aluno_014,Escola_Passo_Pedras,1718
aluno_015,Escola_Morgado_Rosa,2285
aluno_015,Escola_Central_A,1600
aluno_015,Escola_Zona_Leste,1867
aluno_015,Escola_Industrial,1893
aluno_016,Escola_Passo_Pedras,3445
aluno_015,Escola_Getulio_Vargas,899
aluno_016,Escola_Central_A,2733
aluno_015,Escola_Castro_Alves,3973
aluno_016,Escola_Industrial,1500
aluno_016,Escola_Zona_Leste,3741
aluno_016,Escola_Morgado_Rosa,309
aluno_016,Escola_Central_B,2479
aluno_016,Escola_Menno_Fiege,3078
aluno_016,Escola_Castro_Alves,5443
aluno_017,Escola_Central_B,1738
aluno_016,Escola_Zona_Norte,4030
aluno_016,Escola_Getulio_Vargas,1484
aluno_017,Escola_Central_A,1456
aluno_017,Escola_Menno_Fiege,1886
aluno_017,Escola_Industrial,2905
aluno_017,Escola_Zona_Leste,2940
aluno_017,Escola_Castro_Alves,2355
aluno_017,Escola_Passo_Pedras,2087
aluno_018,Escola_Central_B,2009
aluno_018,Escola_Zona_Norte,2776
aluno_018,Escola_Central_A,1491
aluno_018,Escola_Morgado_Rosa,2031
aluno_018,Escola_Passo_Pedras,1864
aluno_017,Escola_Getulio_Vargas,3157
aluno_017,Escola_Zona_Norte,942
aluno_017,Escola_Morgado_Rosa,4223
aluno_018,Escola_Industrial,1038
aluno_018,Escola_Menno_Fiege,3232
aluno_018,Escola_Castro_Alves,4094
aluno_018,Escola_Getulio_Vargas,2053
aluno_019,Escola_Central_B,2663
aluno_019,Escola_Zona_Norte,3416
aluno_018,Escola_Zona_Leste,4080
aluno_019,Escola_Morgado_Rosa,3572
aluno_019,Escola_Castro_Alves,3533
aluno_019,Escola_Industrial,2457
aluno_019,Escola_Central_A,2148
aluno_019,Escola_Getulio_Vargas,3167
aluno_019,Escola_Menno_Fiege,3890
aluno_020,Escola_Central_A,1951
aluno_019,Escola_Passo_Pedras,618
aluno_020,Escola_Passo_Pedras,2772
aluno_020,Escola_Zona_Norte,3248
aluno_020,Escola_Morgado_Rosa,1118
aluno_020,Escola_Central_B,1696
aluno_020,Escola_Industrial,643
aluno_019,Escola_Zona_Leste,4732
aluno_020,Escola_Castro_Alves,4661
aluno_020,Escola_Menno_Fiege,2477
aluno_020,Escola_Getulio_Vargas,853
aluno_020,Escola_Zona_Leste,3140
aluno_021,Escola_Central_A,2003
aluno_021,Escola_Central_B,2276
aluno_021,Escola_Zona_Leste,3243
aluno_021,Escola_Menno_Fiege,2189
aluno_021,Escola_Passo_Pedras,3500
aluno_021,Escola_Castro_Alves,1011
aluno_022,Escola_Zona_Norte,1021
aluno_021,Escola_Getulio_Vargas,3682
aluno_021,Escola_Zona_Norte,771
aluno_022,Escola_Central_A,2252
aluno_022,Escola_Central_B,2526
aluno_021,Escola_Industrial,3447
aluno_021,Escola_Morgado_Rosa,4765
aluno_022,Escola_Menno_Fiege,2441
aluno_022,Escola_Castro_Alves,521
aluno_023,Escola_Central_A,2814
aluno_022,Escola_Getulio_Vargas,3932
aluno_023,Escola_Zona_Norte,4111
aluno_023,Escola_Morgado_Rosa,80
aluno_022,Escola_Zona_Leste,3495
aluno_023,Escola_Central_B,2559
aluno_023,Escola_Passo_Pedras,3385
aluno_022,Escola_Passo_Pedras,3434
aluno_022,Escola_Morgado_Rosa,5015
aluno_022,Escola_Industrial,3697
aluno_023,Escola_Menno_Fiege,3171
aluno_023,Escola_Zona_Leste,3834
aluno_023,Escola_Getulio_Vargas,1577
aluno_024,Escola_Central_B,2609
aluno_023,Escola_Castro_Alves,5524
aluno_023,Escola_Industrial,1440
aluno_024,Escola_Menno_Fiege,3836
aluno_024,Escola_Central_A,2090
aluno_024,Escola_Zona_Leste,4679
aluno_024,Escola_Morgado_Rosa,3222
aluno_024,Escola_Castro_Alves,3524
aluno_024,Escola_Getulio_Vargas,2654
aluno_024,Escola_Zona_Norte,3368
aluno_024,Escola_Industrial,1944
aluno_025,Escola_Central_A,2369
aluno_025,Escola_Menno_Fiege,2538
aluno_024,Escola_Passo_Pedras,609
aluno_025,Escola_Passo_Pedras,3190
aluno_025,Escola_Zona_Leste,3201
aluno_025,Escola_Getulio_Vargas,944
aluno_025,Escola_Castro_Alves,5079
aluno_025,Escola_Industrial,1360
aluno_026,Escola_Morgado_Rosa,2587
aluno_025,Escola_Zona_Norte,3666
aluno_026,Escola_Central_A,849
aluno_025,Escola_Morgado_Rosa,935
aluno_025,Escola_Central_B,2114
aluno_026,Escola_Central_B,1364
aluno_026,Escola_Zona_Norte,2109
aluno_027,Escola_Central_B,1366
aluno_027,Escola_Zona_Norte,419
aluno_026,Escola_Menno_Fiege,2591
aluno_026,Escola_Industrial,1217
aluno_026,Escola_Passo_Pedras,1020
aluno_027,Escola_Central_A,1093
aluno_026,Escola_Getulio_Vargas,1696
aluno_026,Escola_Castro_Alves,3016
aluno_026,Escola_Zona_Leste,3433
aluno_027,Escola_Morgado_Rosa,3852
aluno_027,Escola_Zona_Leste,2417
aluno_028,Escola_Central_A,854
aluno_027,Escola_Castro_Alves,1832
aluno_027,Escola_Passo_Pedras,2380
aluno_027,Escola_Industrial,2534
aluno_027,Escola_Menno_Fiege,1363
aluno_027,Escola_Getulio_Vargas,2781
aluno_028,Escola_Menno_Fiege,1464
aluno_028,Escola_Getulio_Vargas,1302
aluno_028,Escola_Passo_Pedras,1941
aluno_028,Escola_Morgado_Rosa,2320
aluno_028,Escola_Central_B,591
aluno_028,Escola_Castro_Alves,3564
aluno_028,Escola_Zona_Leste,2313
aluno_028,Escola_Industrial,1005
aluno_029,Escola_Zona_Norte,2005
aluno_029,Escola_Morgado_Rosa,3317
aluno_029,Escola_Central_B,1279
aluno_029,Escola_Menno_Fiege,2501
aluno_029,Escola_Central_A,737
aluno_028,Escola_Zona_Norte,2139
aluno_029,Escola_Passo_Pedras,839
aluno_029,Escola_Getulio_Vargas,2343
aluno_030,Escola_Central_B,2828
aluno_029,Escola_Castro_Alves,2417
aluno_030,Escola_Menno_Fiege,4054
aluno_029,Escola_Zona_Leste,3354
aluno_030,Escola_Castro_Alves,3342
aluno_030,Escola_Getulio_Vargas,3436
aluno_030,Escola_Morgado_Rosa,3841
aluno_030,Escola_Zona_Leste,4897
aluno_030,Escola_Zona_Norte,3581
aluno_029,Escola_Industrial,1943
aluno_030,Escola_Passo_Pedras,783
aluno_030,Escola_Industrial,2726
aluno_030,Escola_Central_A,2313
aluno_031,Escola_Zona_Norte,2615
aluno_031,Escola_Morgado_Rosa,1654
aluno_031,Escola_Passo_Pedras,2140
aluno_031,Escola_Industrial,820
aluno_031,Escola_Menno_Fiege,1799
aluno_031,Escola_Castro_Alves,4028
aluno_031,Escola_Zona_Leste,2462
aluno_031,Escola_Getulio_Vargas,558
aluno_031,Escola_Central_A,1318
aluno_031,Escola_Central_B,1064
aluno_032,Escola_Central_B,2282
aluno_032,Escola_Central_A,2814
aluno_032,Escola_Menno_Fiege,1432
aluno_032,Escola_Castro_Alves,4019
aluno_032,Escola_Passo_Pedras,4186
aluno_032,Escola_Zona_Leste,524
aluno_032,Escola_Zona_Norte,2548
aluno_032,Escola_Getulio_Vargas,2359
aluno_032,Escola_Morgado_Rosa,3847
aluno_032,Escola_Industrial,3334
aluno_033,Escola_Menno_Fiege,228
aluno_033,Escola_Central_B,1490
aluno_033,Escola_Zona_Leste,1290
aluno_033,Escola_Castro_Alves,2817
aluno_033,Escola_Central_A,2014
aluno_034,Escola_Central_B,1789
aluno_033,Escola_Industrial,2642
aluno_033,Escola_Morgado_Rosa,3341
aluno_034,Escola_Zona_Norte,2055
aluno_034,Escola_Central_A,1446
aluno_033,Escola_Zona_Norte,1349
aluno_034,Escola_Passo_Pedras,1173
aluno_033,Escola_Getulio_Vargas,1852
aluno_034,Escola_Castro_Alves,1781
aluno_034,Escola_Menno_Fiege,2658
aluno_034,Escola_Morgado_Rosa,4091
aluno_033,Escola_Passo_Pedras,3497
aluno_034,Escola_Zona_Leste,3718
aluno_034,Escola_Getulio_Vargas,3123
aluno_035,Escola_Menno_Fiege,3872
aluno_035,Escola_Passo_Pedras,2503
aluno_035,Escola_Zona_Norte,3416
aluno_035,Escola_Central_B,2649
aluno_035,Escola_Morgado_Rosa,2671
aluno_035,Escola_Getulio_Vargas,2692
aluno_035,Escola_Castro_Alves,4734
aluno_036,Escola_Central_B,1144
aluno_036,Escola_Zona_Norte,1513
aluno_036,Escola_Central_A,869
aluno_036,Escola_Passo_Pedras,1391
aluno_036,Escola_Morgado_Rosa,3636
aluno_034,Escola_Industrial,2717
aluno_036,Escola_Industrial,2304
aluno_035,Escola_Central_A,2131
aluno_036,Escola_Castro_Alves,2196
aluno_036,Escola_Getulio_Vargas,2599
aluno_037,Escola_Central_A,2894
aluno_035,Escola_Industrial,1678
aluno_037,Escola_Central_B,2639
aluno_037,Escola_Menno_Fiege,3239
aluno_037,Escola_Morgado_Rosa,127
aluno_036,Escola_Zona_Leste,3025
aluno_037,Escola_Getulio_Vargas,1644
aluno_037,Escola_Passo_Pedras,3591
aluno_035,Escola_Zona_Leste,4720
aluno_036,Escola_Menno_Fiege,2062
aluno_037,Escola_Zona_Norte,4191
aluno_038,Escola_Central_A,1705
aluno_037,Escola_Zona_Leste,3902
aluno_038,Escola_Central_B,1979
aluno_037,Escola_Industrial,1645
aluno_037,Escola_Castro_Alves,5603
aluno_038,Escola_Menno_Fiege,1892
aluno_038,Escola_Morgado_Rosa,4468
aluno_039,Escola_Central_B,1781
aluno_038,Escola_Passo_Pedras,3203
aluno_038,Escola_Zona_Leste,2946
aluno_038,Escola_Castro_Alves,1083
aluno_038,Escola_Zona_Norte,474
aluno_039,Escola_Industrial,1116
aluno_038,Escola_Industrial,3150
aluno_038,Escola_Getulio_Vargas,3384
aluno_039,Escola_Menno_Fiege,3008
aluno_039,Escola_Central_A,1262
aluno_039,Escola_Getulio_Vargas,1826
aluno_039,Escola_Zona_Leste,3851
aluno_040,Escola_Central_B,1128
aluno_039,Escola_Zona_Norte,2540
aluno_039,Escola_Castro_Alves,3609
aluno_039,Escola_Passo_Pedras,1237
aluno_040,Escola_Menno_Fiege,279
aluno_040,Escola_Central_A,1661
aluno_039,Escola_Morgado_Rosa,2473
aluno_040,Escola_Passo_Pedras,3146
aluno_040,Escola_Industrial,2290
aluno_040,Escola_Zona_Norte,1177
aluno_040,Escola_Morgado_Rosa,3384
aluno_041,Escola_Central_A,1645
aluno_041,Escola_Menno_Fiege,1208
aluno_040,Escola_Zona_Leste,1553
aluno_040,Escola_Getulio_Vargas,1896
aluno_041,Escola_Zona_Norte,2506
aluno_041,Escola_Morgado_Rosa,2511
aluno_040,Escola_Castro_Alves,2648
aluno_041,Escola_Industrial,2117
aluno_041,Escola_Zona_Leste,1871
aluno_041,Escola_Central_B,1367
aluno_041,Escola_Passo_Pedras,2998
aluno_041,Escola_Getulio_Vargas,1123
aluno_041,Escola_Castro_Alves,3977
aluno_042,Escola_Menno_Fiege,1131
aluno_042,Escola_Central_A,2714
aluno_042,Escola_Passo_Pedras,4143
aluno_042,Escola_Central_B,2181
aluno_042,Escola_Zona_Leste,1020
aluno_042,Escola_Getulio_Vargas,2316
aluno_042,Escola_Industrial,3291
aluno_043,Escola_Central_A,2711
aluno_042,Escola_Zona_Norte,2210
aluno_042,Escola_Castro_Alves,3308
aluno_042,Escola_Morgado_Rosa,3804
aluno_043,Escola_Menno_Fiege,1329
aluno_043,Escola_Passo_Pedras,4083
aluno_043,Escola_Zona_Norte,2444
aluno_043,Escola_Castro_Alves,3916
aluno_043,Escola_Morgado_Rosa,3744
aluno_043,Escola_Central_B,2178
aluno_043,Escola_Zona_Leste,463
aluno_044,Escola_Menno_Fiege,378
aluno_044,Escola_Central_A,1521
aluno_044,Escola_Zona_Norte,1697
aluno_043,Escola_Getulio_Vargas,2256
aluno_044,Escola_Central_B,997
aluno_044,Escola_Passo_Pedras,3005
aluno_043,Escola_Industrial,3231
aluno_044,Escola_Morgado_Rosa,2736
aluno_044,Escola_Castro_Alves,3168
aluno_044,Escola_Getulio_Vargas,1247
aluno_044,Escola_Industrial,2150
aluno_044,Escola_Zona_Leste,1442
aluno_045,Escola_Morgado_Rosa,2062
aluno_045,Escola_Industrial,1069
aluno_045,Escola_Central_B,1973
aluno_045,Escola_Passo_Pedras,1473
aluno_045,Escola_Menno_Fiege,3200
aluno_045,Escola_Zona_Norte,2732
aluno_045,Escola_Castro_Alves,3844
aluno_045,Escola_Zona_Leste,4042
aluno_045,Escola_Central_A,1454
aluno_045,Escola_Getulio_Vargas,2017
aluno_046,Escola_Zona_Norte,1337
aluno_046,Escola_Morgado_Rosa,3095
aluno_046,Escola_Castro_Alves,2809
aluno_046,Escola_Central_A,1487
aluno_046,Escola_Menno_Fiege,329
aluno_046,Escola_Passo_Pedras,2972
aluno_046,Escola_Zona_Leste,1681
aluno_046,Escola_Getulio_Vargas,1607
aluno_046,Escola_Industrial,2117
aluno_046,Escola_Central_B,955
aluno_047,Escola_Central_A,2490
aluno_047,Escola_Menno_Fiege,2835
aluno_047,Escola_Passo_Pedras,3202
aluno_047,Escola_Morgado_Rosa,278
aluno_047,Escola_Industrial,1257
aluno_047,Escola_Zona_Norte,3787
aluno_047,Escola_Central_B,2236
aluno_047,Escola_Zona_Leste,3498
aluno_047,Escola_Getulio_Vargas,1241
aluno_048,Escola_Zona_Norte,3907
aluno_048,Escola_Passo_Pedras,1109
aluno_048,Escola_Industrial,2656
aluno_048,Escola_Castro_Alves,4024
aluno_048,Escola_Central_B,3154
aluno_047,Escola_Castro_Alves,5200
aluno_048,Escola_Morgado_Rosa,3777
aluno_048,Escola_Central_A,2639
aluno_049,Escola_Central_A,1113
aluno_048,Escola_Menno_Fiege,4381
aluno_048,Escola_Getulio_Vargas,3365
aluno_049,Escola_Passo_Pedras,1256
aluno_049,Escola_Morgado_Rosa,2578
aluno_049,Escola_Menno_Fiege,2855
aluno_049,Escola_Industrial,1170
aluno_048,Escola_Zona_Leste,5223
aluno_049,Escola_Castro_Alves,3253
aluno_049,Escola_Central_B,1629
aluno_049,Escola_Zona_Norte,2374
aluno_050,Escola_Central_A,2476
aluno_049,Escola_Getulio_Vargas,1879
aluno_050,Escola_Central_B,1953
aluno_050,Escola_Menno_Fiege,691
aluno_050,Escola_Zona_Norte,1523
aluno_049,Escola_Zona_Leste,3698
aluno_050,Escola_Getulio_Vargas,2315
aluno_051,Escola_Central_B,1471
aluno_051,Escola_Central_A,956
aluno_050,Escola_Castro_Alves,2621
aluno_051,Escola_Zona_Norte,2224
aluno_050,Escola_Industrial,3105
aluno_051,Escola_Passo_Pedras,578
aluno_050,Escola_Morgado_Rosa,3803
aluno_051,Escola_Menno_Fiege,2698
aluno_050,Escola_Passo_Pedras,3960
aluno_051,Escola_Industrial,1866
aluno_050,Escola_Zona_Leste,1754
aluno_051,Escola_Zona_Leste,3540
aluno_051,Escola_Getulio_Vargas,2348
aluno_051,Escola_Morgado_Rosa,3240
aluno_051,Escola_Castro_Alves,2555
aluno_052,Escola_Central_A,3042
aluno_052,Escola_Zona_Norte,1832
aluno_052,Escola_Industrial,4314
aluno_052,Escola_Morgado_Rosa,5687
aluno_052,Escola_Getulio_Vargas,4719
aluno_052,Escola_Central_B,3338
aluno_052,Escola_Menno_Fiege,3252
aluno_053,Escola_Central_B,876
aluno_052,Escola_Zona_Leste,4307
aluno_053,Escola_Central_A,1400
aluno_052,Escola_Castro_Alves,356
aluno_052,Escola_Passo_Pedras,3014
aluno_053,Escola_Zona_Norte,1345
aluno_053,Escola_Castro_Alves,2816
aluno_053,Escola_Zona_Leste,1774
aluno_053,Escola_Menno_Fiege,474
aluno_054,Escola_Central_B,2764
aluno_053,Escola_Morgado_Rosa,3066
aluno_053,Escola_Getulio_Vargas,1578
aluno_054,Escola_Zona_Norte,1259
aluno_053,Escola_Passo_Pedras,2884
aluno_054,Escola_Passo_Pedras,3141
aluno_054,Escola_Morgado_Rosa,5253
aluno_054,Escola_Central_A,2491
aluno_054,Escola_Menno_Fiege,2679
aluno_053,Escola_Industrial,2028
aluno_054,Escola_Castro_Alves,223
aluno_054,Escola_Zona_Leste,3733
aluno_055,Escola_Central_A,1971
aluno_055,Escola_Central_B,2314
aluno_054,Escola_Industrial,3935
aluno_054,Escola_Getulio_Vargas,4170
aluno_055,Escola_Morgado_Rosa,4617
aluno_055,Escola_Passo_Pedras,1944
aluno_055,Escola_Industrial,3243
aluno_055,Escola_Getulio_Vargas,3649
aluno_055,Escola_Zona_Norte,2354
aluno_056,Escola_Central_B,993
aluno_055,Escola_Castro_Alves,972
aluno_056,Escola_Central_A,1248
aluno_056,Escola_Menno_Fiege,2211
aluno_055,Escola_Menno_Fiege,2956
aluno_055,Escola_Zona_Leste,4248
aluno_056,Escola_Passo_Pedras,2069
aluno_056,Escola_Morgado_Rosa,1632
aluno_056,Escola_Zona_Norte,2545
aluno_056,Escola_Industrial,386
aluno_056,Escola_Getulio_Vargas,879
aluno_057,Escola_Menno_Fiege,1055
aluno_056,Escola_Zona_Leste,2896
aluno_057,Escola_Central_A,2639
aluno_056,Escola_Castro_Alves,3957
aluno_057,Escola_Zona_Norte,2134
aluno_057,Escola_Industrial,3206
aluno_057,Escola_Castro_Alves,3232
aluno_057,Escola_Getulio_Vargas,2231
aluno_058,Escola_Central_A,1248
aluno_057,Escola_Passo_Pedras,4058
aluno_057,Escola_Zona_Leste,937
aluno_058,Escola_Menno_Fiege,2994
aluno_058,Escola_Morgado_Rosa,2215
aluno_057,Escola_Central_B,2106
aluno_058,Escola_Central_B,1767
aluno_057,Escola_Morgado_Rosa,3719
aluno_058,Escola_Passo_Pedras,1642
aluno_058,Escola_Zona_Leste,3837
aluno_058,Escola_Zona_Norte,2526
aluno_059,Escola_Central_A,921
aluno_059,Escola_Central_B,1302
aluno_058,Escola_Getulio_Vargas,1812
aluno_059,Escola_Zona_Norte,2218
aluno_059,Escola_Morgado_Rosa,2044
aluno_058,Escola_Industrial,1079
aluno_059,Escola_Menno_Fiege,2529
aluno_058,Escola_Castro_Alves,3639
aluno_059,Escola_Passo_Pedras,1692
aluno_059,Escola_Industrial,639
aluno_060,Escola_Zona_Norte,445
aluno_060,Escola_Central_B,1976
aluno_059,Escola_Getulio_Vargas,1348
aluno_059,Escola_Zona_Leste,3384
aluno_060,Escola_Menno_Fiege,1801
aluno_060,Escola_Central_A,1731
aluno_060,Escola_Passo_Pedras,3229
aluno_060,Escola_Castro_Alves,1101
aluno_060,Escola_Zona_Leste,2856
aluno_060,Escola_Getulio_Vargas,3294
aluno_061,Escola_Passo_Pedras,2310
aluno_061,Escola_Morgado_Rosa,1470
aluno_061,Escola_Central_A,1489
aluno_061,Escola_Central_B,1234
aluno_060,Escola_Morgado_Rosa,4489
aluno_060,Escola_Industrial,3176
aluno_059,Escola_Castro_Alves,3630
aluno_061,Escola_Menno_Fiege,1977
aluno_061,Escola_Zona_Norte,2786
aluno_061,Escola_Castro_Alves,4199
aluno_061,Escola_Industrial,785
aluno_061,Escola_Zona_Leste,2640
aluno_061,Escola_Getulio_Vargas,485
aluno_062,Escola_Central_B,1603
aluno_062,Escola_Central_A,1881
aluno_062,Escola_Passo_Pedras,3234
aluno_062,Escola_Zona_Norte,2742
aluno_062,Escola_Zona_Leste,2107
aluno_062,Escola_Morgado_Rosa,2575
aluno_062,Escola_Industrial,2205
aluno_062,Escola_Menno_Fiege,1444
aluno_063,Escola_Central_B,1466
aluno_062,Escola_Getulio_Vargas,1197
aluno_063,Escola_Central_A,1210
aluno_063,Escola_Passo_Pedras,1974
aluno_063,Escola_Zona_Norte,2507
aluno_062,Escola_Castro_Alves,4213
aluno_063,Escola_Castro_Alves,3920
aluno_063,Escola_Getulio_Vargas,1510
aluno_063,Escola_Zona_Leste,3537
aluno_063,Escola_Menno_Fiege,2689
aluno_064,Escola_Central_A,2770
aluno_064,Escola_Zona_Norte,2510
aluno_063,Escola_Industrial,485
aluno_064,Escola_Zona_Leste,61
aluno_064,Escola_Morgado_Rosa,3802
aluno_063,Escola_Morgado_Rosa,1751
aluno_064,Escola_Industrial,3289
aluno_064,Escola_Central_B,2237
aluno_064,Escola_Passo_Pedras,4141
aluno_064,Escola_Menno_Fiege,1391
aluno_064,Escola_Castro_Alves,3982
aluno_064,Escola_Getulio_Vargas,2314
aluno_065,Escola_Central_A,2070
aluno_065,Escola_Passo_Pedras,2891
aluno_065,Escola_Menno_Fiege,1955
aluno_065,Escola_Zona_Norte,3253
aluno_065,Escola_Central_B,1803
aluno_065,Escola_Castro_Alves,4724
aluno_065,Escola_Morgado_Rosa,1354
aluno_065,Escola_Getulio_Vargas,360
aluno_066,Escola_Morgado_Rosa,531
aluno_066,Escola_Menno_Fiege,2782
aluno_065,Escola_Zona_Leste,2618
aluno_066,Escola_Passo_Pedras,2967
aluno_066,Escola_Zona_Norte,3693
aluno_066,Escola_Central_A,2396
aluno_065,Escola_Industrial,1146
aluno_066,Escola_Central_B,2141
aluno_067,Escola_Central_A,1611
aluno_067,Escola_Morgado_Rosa,4257
aluno_067,Escola_Passo_Pedras,1236
aluno_066,Escola_Getulio_Vargas,1188
aluno_066,Escola_Castro_Alves,5105
aluno_067,Escola_Zona_Leste,3888
aluno_067,Escola_Castro_Alves,1679
aluno_067,Escola_Zona_Norte,2083
aluno_066,Escola_Industrial,1021
aluno_066,Escola_Zona_Leste,3445
aluno_067,Escola_Industrial,2883
aluno_068,Escola_Central_A,1495
aluno_067,Escola_Getulio_Vargas,3289
aluno_067,Escola_Central_B,1955
aluno_068,Escola_Passo_Pedras,2008
aluno_068,Escola_Central_B,1711
aluno_067,Escola_Menno_Fiege,2685
aluno_068,Escola_Zona_Leste,3777
aluno_068,Escola_Morgado_Rosa,1633
aluno_068,Escola_Menno_Fiege,2929
aluno_068,Escola_Industrial,518
aluno_069,Escola_Central_A,655
aluno_068,Escola_Zona_Norte,2793
aluno_069,Escola_Central_B,937
aluno_068,Escola_Castro_Alves,4205
aluno_069,Escola_Passo_Pedras,1490
aluno_069,Escola_Menno_Fiege,1850
aluno_069,Escola_Zona_Norte,1312
aluno_069,Escola_Morgado_Rosa,3422
aluno_068,Escola_Getulio_Vargas,1632
aluno_070,Escola_Central_A,1855
aluno_070,Escola_Central_B,2292
aluno_069,Escola_Zona_Leste,2800
aluno_069,Escola_Getulio_Vargas,2389
aluno_070,Escola_Zona_Norte,2793
aluno_069,Escola_Industrial,2103
aluno_069,Escola_Castro_Alves,2420
aluno_070,Escola_Morgado_Rosa,4261
aluno_070,Escola_Menno_Fiege,3395
aluno_070,Escola_Passo_Pedras,996
aluno_070,Escola_Industrial,2887
aluno_070,Escola_Castro_Alves,2438
aluno_071,Escola_Central_A,1950
aluno_070,Escola_Zona_Leste,4397
aluno_071,Escola_Central_B,1696
aluno_070,Escola_Getulio_Vargas,3369
aluno_071,Escola_Morgado_Rosa,947
aluno_071,Escola_Zona_Norte,3247
aluno_071,Escola_Industrial,642
aluno_071,Escola_Getulio_Vargas,1162
aluno_071,Escola_Castro_Alves,4660
aluno_072,Escola_Central_B,789
aluno_072,Escola_Central_A,1313
aluno_071,Escola_Zona_Leste,3449
aluno_071,Escola_Menno_Fiege,2786
aluno_071,Escola_Passo_Pedras,2728
aluno_072,Escola_Menno_Fiege,547
aluno_072,Escola_Zona_Norte,1498
aluno_072,Escola_Morgado_Rosa,3000
aluno_072,Escola_Zona_Leste,1730
aluno_072,Escola_Passo_Pedras,2796
aluno_073,Escola_Zona_Norte,2257
aluno_073,Escola_Central_A,996
aluno_072,Escola_Industrial,1941
aluno_072,Escola_Getulio_Vargas,1512
aluno_073,Escola_Morgado_Rosa,2669
aluno_073,Escola_Central_B,1512
aluno_073,Escola_Menno_Fiege,2738
aluno_073,Escola_Industrial,1298
aluno_072,Escola_Castro_Alves,2969
aluno_073,Escola_Passo_Pedras,921
aluno_073,Escola_Castro_Alves,2917
aluno_073,Escola_Getulio_Vargas,1777
aluno_074,Escola_Central_A,1459
aluno_074,Escola_Central_B,1182
aluno_074,Escola_Zona_Norte,2638
aluno_074,Escola_Zona_Leste,2003
aluno_074,Escola_Menno_Fiege,1340
aluno_074,Escola_Passo_Pedras,2812
aluno_075,Escola_Central_B,2635
aluno_074,Escola_Morgado_Rosa,1866
aluno_075,Escola_Central_A,2120
aluno_074,Escola_Getulio_Vargas,488
aluno_074,Escola_Castro_Alves,4109
aluno_074,Escola_Industrial,1496
aluno_073,Escola_Zona_Leste,3581
aluno_075,Escola_Passo_Pedras,591
aluno_076,Escola_Central_A,2519
aluno_075,Escola_Industrial,2571
aluno_075,Escola_Zona_Norte,3388
aluno_075,Escola_Morgado_Rosa,3686
aluno_076,Escola_Central_B,3038
aluno_075,Escola_Zona_Leste,4704
aluno_075,Escola_Castro_Alves,3046
aluno_076,Escola_Zona_Norte,3797
aluno_075,Escola_Menno_Fiege,3862
aluno_075,Escola_Getulio_Vargas,3280
aluno_076,Escola_Menno_Fiege,4265
aluno_076,Escola_Morgado_Rosa,3494
aluno_076,Escola_Passo_Pedras,1066
aluno_076,Escola_Castro_Alves,3981
aluno_076,Escola_Getulio_Vargas,3083
aluno_076,Escola_Industrial,2373
aluno_077,Escola_Passo_Pedras,1795
aluno_076,Escola_Zona_Leste,5108
aluno_077,Escola_Central_A,1823
aluno_077,Escola_Zona_Norte,2205
aluno_077,Escola_Central_B,2166
aluno_077,Escola_Menno_Fiege,2807
aluno_077,Escola_Zona_Leste,4100
aluno_078,Escola_Central_A,1139
aluno_077,Escola_Castro_Alves,1121
aluno_077,Escola_Industrial,3095
aluno_077,Escola_Getulio_Vargas,3500
aluno_078,Escola_Morgado_Rosa,1629
aluno_077,Escola_Morgado_Rosa,4468
aluno_078,Escola_Zona_Norte,2436
aluno_078,Escola_Passo_Pedras,1961
aluno_079,Escola_Central_A,1880
aluno_078,Escola_Castro_Alves,3849
aluno_078,Escola_Central_B,885
aluno_079,Escola_Industrial,1734
aluno_079,Escola_Central_B,2399
aluno_079,Escola_Zona_Norte,3158
aluno_078,Escola_Industrial,495
aluno_078,Escola_Getulio_Vargas,882
aluno_078,Escola_Menno_Fiege,2103
aluno_079,Escola_Morgado_Rosa,3016
aluno_078,Escola_Zona_Leste,2820
aluno_079,Escola_Passo_Pedras,664
aluno_080,Escola_Central_A,1789
aluno_079,Escola_Castro_Alves,3579
aluno_079,Escola_Menno_Fiege,3626
aluno_079,Escola_Zona_Leste,4468
aluno_080,Escola_Menno_Fiege,408
aluno_080,Escola_Morgado_Rosa,3512
aluno_080,Escola_Zona_Leste,1463
aluno_080,Escola_Getulio_Vargas,2024
aluno_080,Escola_Zona_Norte,1021
aluno_080,Escola_Central_B,1251
aluno_080,Escola_Castro_Alves,2492
aluno_081,Escola_Central_A,1571
aluno_079,Escola_Getulio_Vargas,2443
aluno_081,Escola_Central_B,2090
aluno_080,Escola_Passo_Pedras,3274
aluno_081,Escola_Zona_Norte,2848
aluno_081,Escola_Industrial,1425
aluno_080,Escola_Industrial,2419
aluno_081,Escola_Morgado_Rosa,2781
aluno_081,Escola_Zona_Leste,4159
aluno_081,Escola_Menno_Fiege,3316
aluno_082,Escola_Zona_Norte,2871
aluno_082,Escola_Passo_Pedras,2395
aluno_081,Escola_Getulio_Vargas,2134
aluno_082,Escola_Central_A,1574
aluno_082,Escola_Central_B,1319
aluno_082,Escola_Morgado_Rosa,1903
aluno_082,Escola_Industrial,1075
aluno_081,Escola_Passo_Pedras,991
aluno_081,Escola_Castro_Alves,3906
aluno_082,Escola_Menno_Fiege,1757
aluno_082,Escola_Getulio_Vargas,516
aluno_083,Escola_Central_A,319
aluno_083,Escola_Passo_Pedras,1576
aluno_083,Escola_Morgado_Rosa,3086
aluno_082,Escola_Castro_Alves,4283
aluno_082,Escola_Zona_Leste,2420
aluno_083,Escola_Central_B,595
aluno_083,Escola_Menno_Fiege,1750
aluno_083,Escola_Zona_Norte,1229
aluno_083,Escola_Zona_Leste,2708
aluno_084,Escola_Central_A,1880
aluno_084,Escola_Central_B,2223
aluno_083,Escola_Getulio_Vargas,2047
aluno_083,Escola_Castro_Alves,2643
aluno_083,Escola_Industrial,1769
aluno_084,Escola_Zona_Norte,2724
aluno_084,Escola_Passo_Pedras,1059
aluno_084,Escola_Industrial,2950
aluno_084,Escola_Getulio_Vargas,3432
aluno_084,Escola_Morgado_Rosa,4323
aluno_084,Escola_Castro_Alves,2395
aluno_084,Escola_Menno_Fiege,3326
aluno_085,Escola_Central_A,809
aluno_084,Escola_Zona_Leste,4328
aluno_085,Escola_Menno_Fiege,1562
aluno_085,Escola_Central_B,554
aluno_085,Escola_Passo_Pedras,1882
aluno_085,Escola_Morgado_Rosa,2269
aluno_085,Escola_Zona_Norte,2106
aluno_086,Escola_Zona_Norte,2085
aluno_085,Escola_Zona_Leste,2409
aluno_085,Escola_Getulio_Vargas,1377
aluno_085,Escola_Industrial,953
aluno_086,Escola_Central_A,1703
aluno_086,Escola_Passo_Pedras,1578
aluno_086,Escola_Castro_Alves,1340
aluno_086,Escola_Central_B,2046
aluno_085,Escola_Castro_Alves,3519
aluno_087,Escola_Central_A,1970
aluno_086,Escola_Zona_Leste,3979
aluno_086,Escola_Industrial,2974
aluno_086,Escola_Morgado_Rosa,4348
aluno_086,Escola_Getulio_Vargas,3380
aluno_087,Escola_Menno_Fiege,394
aluno_086,Escola_Menno_Fiege,2687
aluno_087,Escola_Central_B,1447
aluno_087,Escola_Zona_Norte,1284
aluno_087,Escola_Passo_Pedras,3454
aluno_087,Escola_Morgado_Rosa,3505
aluno_087,Escola_Industrial,2599
aluno_087,Escola_Castro_Alves,2665
aluno_087,Escola_Getulio_Vargas,2017
aluno_087,Escola_Zona_Leste,1448
aluno_088,Escola_Zona_Norte,1465
aluno_088,Escola_Menno_Fiege,2884
aluno_088,Escola_Central_B,2971
aluno_088,Escola_Castro_Alves,378
aluno_088,Escola_Central_A,2697
aluno_088,Escola_Passo_Pedras,3047
aluno_088,Escola_Industrial,4142
aluno_088,Escola_Morgado_Rosa,5460
aluno_088,Escola_Zona_Leste,3938
aluno_088,Escola_Getulio_Vargas,4376
aluno_089,Escola_Central_A,2043
aluno_089,Escola_Zona_Norte,812
aluno_089,Escola_Castro_Alves,986
aluno_089,Escola_Central_B,2317
aluno_089,Escola_Passo_Pedras,3541
aluno_089,Escola_Menno_Fiege,2230
aluno_090,Escola_Central_A,1737
aluno_089,Escola_Zona_Leste,3284
aluno_089,Escola_Industrial,3488
aluno_089,Escola_Morgado_Rosa,4806
aluno_090,Escola_Menno_Fiege,3478
aluno_090,Escola_Passo_Pedras,326
aluno_089,Escola_Getulio_Vargas,3722
aluno_090,Escola_Industrial,2424
aluno_090,Escola_Getulio_Vargas,2906
aluno_090,Escola_Zona_Norte,3004
aluno_090,Escola_Zona_Leste,4320
aluno_091,Escola_Central_A,716
aluno_091,Escola_Zona_Norte,800
aluno_090,Escola_Morgado_Rosa,3691
aluno_090,Escola_Central_B,2251
aluno_091,Escola_Morgado_Rosa,3303
aluno_091,Escola_Industrial,1988
aluno_091,Escola_Central_B,791
aluno_091,Escola_Castro_Alves,2213
aluno_091,Escola_Zona_Leste,2439
aluno_092,Escola_Central_B,173
aluno_090,Escola_Castro_Alves,3098
aluno_092,Escola_Menno_Fiege,1390
aluno_092,Escola_Zona_Norte,1737
aluno_091,Escola_Menno_Fiege,1148
aluno_092,Escola_Morgado_Rosa,2356
aluno_091,Escola_Passo_Pedras,2210
aluno_092,Escola_Zona_Leste,2320
aluno_092,Escola_Central_A,531
aluno_091,Escola_Getulio_Vargas,2221
aluno_092,Escola_Castro_Alves,3151
aluno_092,Escola_Getulio_Vargas,1308
aluno_092,Escola_Passo_Pedras,1895
aluno_093,Escola_Central_A,1879
aluno_093,Escola_Central_B,2153
aluno_093,Escola_Zona_Norte,647
aluno_092,Escola_Industrial,1040
aluno_093,Escola_Zona_Leste,3122
aluno_093,Escola_Morgado_Rosa,4642
aluno_093,Escola_Menno_Fiege,2067
aluno_093,Escola_Passo_Pedras,3377
aluno_094,Escola_Central_B,2154
aluno_093,Escola_Castro_Alves,840
aluno_093,Escola_Industrial,3324
aluno_094,Escola_Central_A,2687
aluno_094,Escola_Menno_Fiege,1308
aluno_094,Escola_Zona_Norte,2428
aluno_093,Escola_Getulio_Vargas,3558
aluno_094,Escola_Passo_Pedras,4058
aluno_095,Escola_Zona_Norte,1654
aluno_095,Escola_Central_B,1580
aluno_094,Escola_Castro_Alves,3899
aluno_094,Escola_Getulio_Vargas,2231
aluno_095,Escola_Central_A,1237
aluno_094,Escola_Zona_Leste,152
aluno_095,Escola_Menno_Fiege,2256
aluno_094,Escola_Industrial,3206
aluno_095,Escola_Passo_Pedras,1302
aluno_094,Escola_Morgado_Rosa,3720
aluno_096,Escola_Central_B,2045
aluno_095,Escola_Getulio_Vargas,2914
aluno_095,Escola_Castro_Alves,1794
aluno_095,Escola_Morgado_Rosa,3882
aluno_095,Escola_Industrial,2509
aluno_096,Escola_Zona_Norte,3597
aluno_096,Escola_Central_A,2300
aluno_095,Escola_Zona_Leste,3483
aluno_096,Escola_Passo_Pedras,3121
aluno_096,Escola_Menno_Fiege,2642
aluno_096,Escola_Morgado_Rosa,753
aluno_096,Escola_Industrial,1292
aluno_096,Escola_Zona_Leste,3305
aluno_096,Escola_Getulio_Vargas,1047
aluno_097,Escola_Central_A,1365
aluno_097,Escola_Zona_Norte,1747
aluno_097,Escola_Central_B,1708
aluno_097,Escola_Passo_Pedras,1433
aluno_096,Escola_Castro_Alves,5010
aluno_097,Escola_Menno_Fiege,2350
aluno_097,Escola_Morgado_Rosa,4010
aluno_097,Escola_Getulio_Vargas,3042
aluno_098,Escola_Menno_Fiege,757
aluno_097,Escola_Castro_Alves,1579
aluno_098,Escola_Central_A,1662
aluno_097,Escola_Industrial,2637
aluno_098,Escola_Zona_Norte,2056
aluno_097,Escola_Zona_Leste,3642
aluno_098,Escola_Passo_Pedras,3015
aluno_098,Escola_Morgado_Rosa,2676
aluno_098,Escola_Zona_Leste,1141
aluno_098,Escola_Central_B,1140
aluno_098,Escola_Getulio_Vargas,1188
aluno_099,Escola_Central_B,1801
aluno_098,Escola_Castro_Alves,3528
aluno_099,Escola_Central_A,1519
aluno_099,Escola_Menno_Fiege,1638
aluno_099,Escola_Castro_Alves,1313
aluno_100,Escola_Central_A,1870
aluno_099,Escola_Industrial,2968
aluno_099,Escola_Passo_Pedras,3031
aluno_098,Escola_Industrial,2163
aluno_100,Escola_Central_B,2389
aluno_099,Escola_Morgado_Rosa,4286
aluno_100,Escola_Menno_Fiege,3616
aluno_099,Escola_Zona_Norte,233
aluno_099,Escola_Zona_Leste,2693
aluno_100,Escola_Industrial,1724
aluno_100,Escola_Passo_Pedras,1051
aluno_099,Escola_Getulio_Vargas,3132
aluno_100,Escola_Getulio_Vargas,2433
aluno_101,Escola_Central_A,814
aluno_100,Escola_Morgado_Rosa,2845
aluno_100,Escola_Zona_Norte,3148
aluno_100,Escola_Zona_Leste,4458
aluno_101,Escola_Morgado_Rosa,3575
aluno_100,Escola_Castro_Alves,3966
aluno_101,Escola_Zona_Norte,701
aluno_101,Escola_Central_B,1088
aluno_101,Escola_Industrial,2257
aluno_101,Escola_Passo_Pedras,2098
aluno_101,Escola_Getulio_Vargas,2511
aluno_102,Escola_Zona_Norte,1099
aluno_101,Escola_Zona_Leste,2687
aluno_101,Escola_Menno_Fiege,1366
aluno_102,Escola_Castro_Alves,2545
aluno_101,Escola_Castro_Alves,2115
aluno_102,Escola_Morgado_Rosa,3148
aluno_102,Escola_Zona_Leste,2030
aluno_102,Escola_Industrial,1833
aluno_102,Escola_Central_B,642
aluno_102,Escola_Central_A,1182
aluno_103,Escola_Central_A,1440
aluno_103,Escola_Zona_Norte,2737
aluno_102,Escola_Passo_Pedras,2677
aluno_103,Escola_Menno_Fiege,2407
aluno_103,Escola_Passo_Pedras,2212
aluno_103,Escola_Zona_Leste,3255
aluno_103,Escola_Morgado_Rosa,1732
aluno_103,Escola_Central_B,1189
aluno_103,Escola_Getulio_Vargas,1110
aluno_103,Escola_Castro_Alves,4150
aluno_104,Escola_Central_B,2021
aluno_102,Escola_Menno_Fiege,677
aluno_102,Escola_Getulio_Vargas,1877
aluno_103,Escola_Industrial,210
aluno_104,Escola_Central_A,1502
aluno_104,Escola_Menno_Fiege,3248
aluno_104,Escola_Zona_Norte,2780
aluno_104,Escola_Passo_Pedras,1358
aluno_105,Escola_Zona_Norte,2075
aluno_104,Escola_Morgado_Rosa,2110
aluno_104,Escola_Industrial,1117
aluno_105,Escola_Central_A,1693
aluno_104,Escola_Castro_Alves,3892
aluno_105,Escola_Passo_Pedras,1588
aluno_104,Escola_Getulio_Vargas,2065
aluno_105,Escola_Menno_Fiege,2678
aluno_105,Escola_Zona_Leste,3970
aluno_104,Escola_Zona_Leste,4090
aluno_105,Escola_Morgado_Rosa,4338
aluno_105,Escola_Central_B,2036
aluno_106,Escola_Central_A,1732
aluno_106,Escola_Menno_Fiege,1335
aluno_106,Escola_Central_B,1454
aluno_105,Escola_Castro_Alves,1330
aluno_106,Escola_Getulio_Vargas,894
aluno_105,Escola_Getulio_Vargas,3370
aluno_106,Escola_Zona_Norte,2633
aluno_106,Escola_Industrial,1902
aluno_106,Escola_Morgado_Rosa,2271
aluno_105,Escola_Industrial,2965
aluno_106,Escola_Passo_Pedras,3084
aluno_106,Escola_Zona_Leste,1998
aluno_107,Escola_Central_A,1200
aluno_107,Escola_Zona_Norte,2372
aluno_106,Escola_Castro_Alves,4104
aluno_107,Escola_Morgado_Rosa,2039
aluno_107,Escola_Passo_Pedras,2553
aluno_108,Escola_Central_A,1810
aluno_107,Escola_Getulio_Vargas,551
aluno_107,Escola_Menno_Fiege,1074
aluno_108,Escola_Passo_Pedras,983
aluno_107,Escola_Central_B,922
aluno_107,Escola_Industrial,1545
aluno_107,Escola_Castro_Alves,3843
aluno_108,Escola_Morgado_Rosa,2485
aluno_108,Escola_Menno_Fiege,3555
aluno_107,Escola_Zona_Leste,1737
aluno_108,Escola_Industrial,1493
aluno_108,Escola_Central_B,2329
aluno_109,Escola_Zona_Norte,2502
aluno_108,Escola_Zona_Norte,3087
aluno_108,Escola_Zona_Leste,4398
aluno_109,Escola_Central_B,2237
aluno_108,Escola_Getulio_Vargas,2373
aluno_109,Escola_Central_A,2769
aluno_109,Escola_Passo_Pedras,4141
aluno_109,Escola_Morgado_Rosa,3802
aluno_108,Escola_Castro_Alves,3898
aluno_109,Escola_Getulio_Vargas,2314
aluno_109,Escola_Menno_Fiege,1387
aluno_109,Escola_Zona_Leste,463
aluno_110,Escola_Central_A,1266
aluno_110,Escola_Passo_Pedras,1331
aluno_110,Escola_Menno_Fiege,2286
aluno_110,Escola_Zona_Norte,1683
aluno_109,Escola_Industrial,3289
aluno_109,Escola_Castro_Alves,3974
aluno_110,Escola_Central_B,1610
aluno_110,Escola_Morgado_Rosa,3912
aluno_110,Escola_Getulio_Vargas,2944
aluno_110,Escola_Castro_Alves,1765
aluno_111,Escola_Zona_Norte,2148
aluno_110,Escola_Industrial,2538
aluno_110,Escola_Zona_Leste,3512
aluno_111,Escola_Morgado_Rosa,2120
aluno_111,Escola_Central_A,851
aluno_111,Escola_Central_B,1370
aluno_111,Escola_Passo_Pedras,1613
aluno_111,Escola_Zona_Leste,3439
aluno_112,Escola_Central_B,1629
aluno_112,Escola_Zona_Norte,2211
aluno_112,Escola_Central_A,2161
aluno_111,Escola_Menno_Fiege,2597
aluno_111,Escola_Castro_Alves,3561
aluno_111,Escola_Getulio_Vargas,1421
aluno_112,Escola_Morgado_Rosa,3188
aluno_111,Escola_Industrial,712
aluno_112,Escola_Passo_Pedras,3527
aluno_112,Escola_Menno_Fiege,1092
aluno_112,Escola_Zona_Leste,590
aluno_112,Escola_Industrial,2675
aluno_113,Escola_Central_A,3015
aluno_113,Escola_Central_B,2482
aluno_112,Escola_Castro_Alves,3682
aluno_113,Escola_Zona_Norte,2307
aluno_112,Escola_Getulio_Vargas,1700
aluno_113,Escola_Menno_Fiege,1432
aluno_113,Escola_Passo_Pedras,4499
aluno_113,Escola_Morgado_Rosa,4170
aluno_113,Escola_Industrial,3644
aluno_113,Escola_Getulio_Vargas,2681
aluno_114,Escola_Zona_Norte,2674
aluno_113,Escola_Castro_Alves,3405
aluno_114,Escola_Central_A,1377
aluno_114,Escola_Industrial,381
aluno_114,Escola_Central_B,1123
aluno_114,Escola_Menno_Fiege,2341
aluno_114,Escola_Morgado_Rosa,1437
aluno_114,Escola_Zona_Leste,3026
aluno_113,Escola_Zona_Leste,1968
aluno_115,Escola_Central_A,929
aluno_115,Escola_Central_B,1004
aluno_114,Escola_Passo_Pedras,2190
aluno_115,Escola_Menno_Fiege,1148
aluno_115,Escola_Zona_Norte,596
aluno_115,Escola_Passo_Pedras,2423
aluno_115,Escola_Industrial,2201
aluno_115,Escola_Zona_Leste,2344
aluno_114,Escola_Castro_Alves,4087
aluno_115,Escola_Getulio_Vargas,2405
aluno_114,Escola_Getulio_Vargas,739
aluno_116,Escola_Central_B,2550
aluno_116,Escola_Passo_Pedras,511
aluno_116,Escola_Menno_Fiege,3776
aluno_115,Escola_Morgado_Rosa,3516
aluno_116,Escola_Getulio_Vargas,2594
aluno_116,Escola_Zona_Norte,3308
aluno_116,Escola_Zona_Leste,4619
aluno_116,Escola_Castro_Alves,3426
aluno_117,Escola_Central_A,1803
aluno_117,Escola_Zona_Norte,3070
aluno_116,Escola_Central_A,2031
aluno_117,Escola_Menno_Fiege,3544
aluno_117,Escola_Passo_Pedras,273
aluno_117,Escola_Industrial,2112
aluno_115,Escola_Castro_Alves,2008
aluno_117,Escola_Morgado_Rosa,3227
aluno_116,Escola_Industrial,1885
aluno_116,Escola_Morgado_Rosa,3167
aluno_117,Escola_Central_B,2317
aluno_117,Escola_Zona_Leste,4387
aluno_117,Escola_Castro_Alves,3188
aluno_118,Escola_Central_B,1086
aluno_117,Escola_Getulio_Vargas,2821
aluno_118,Escola_Central_A,1610
aluno_118,Escola_Menno_Fiege,194
aluno_118,Escola_Passo_Pedras,3093
aluno_118,Escola_Zona_Norte,1475
aluno_118,Escola_Getulio_Vargas,1557
aluno_118,Escola_Morgado_Rosa,3045
aluno_118,Escola_Zona_Leste,1556
aluno_118,Escola_Industrial,2238
aluno_119,Escola_Central_B,1991
aluno_119,Escola_Menno_Fiege,1815
aluno_118,Escola_Castro_Alves,2947
aluno_119,Escola_Zona_Norte,459
aluno_119,Escola_Central_A,1717
aluno_119,Escola_Morgado_Rosa,4480
aluno_119,Escola_Industrial,3162
aluno_119,Escola_Passo_Pedras,3215
aluno_119,Escola_Getulio_Vargas,3308
aluno_119,Escola_Zona_Leste,2869
aluno_120,Escola_Central_A,889
aluno_120,Escola_Central_B,1320
aluno_119,Escola_Castro_Alves,1087
aluno_120,Escola_Menno_Fiege,2557
aluno_120,Escola_Passo_Pedras,1148
aluno_120,Escola_Zona_Norte,2042
aluno_120,Escola_Castro_Alves,2307
aluno_120,Escola_Industrial,2100
aluno_120,Escola_Morgado_Rosa,3473
aluno_120,Escola_Zona_Leste,3512
aluno_120,Escola_Getulio_Vargas,2501
aluno_121,Escola_Central_A,2714
aluno_121,Escola_Central_B,2181
aluno_121,Escola_Morgado_Rosa,3804
aluno_121,Escola_Menno_Fiege,1131
aluno_121,Escola_Castro_Alves,3308
aluno_121,Escola_Zona_Leste,1020
aluno_121,Escola_Passo_Pedras,4143
aluno_121,Escola_Zona_Norte,2210
aluno_122,Escola_Central_B,2571
aluno_122,Escola_Central_A,2228
aluno_122,Escola_Zona_Norte,2654
aluno_121,Escola_Getulio_Vargas,2316
aluno_121,Escola_Industrial,3291
aluno_122,Escola_Industrial,3297
aluno_122,Escola_Passo_Pedras,1407
aluno_123,Escola_Central_B,2050
aluno_122,Escola_Menno_Fiege,3256
aluno_122,Escola_Castro_Alves,2114
aluno_122,Escola_Getulio_Vargas,3779
aluno_123,Escola_Menno_Fiege,3277
aluno_123,Escola_Passo_Pedras,578
aluno_123,Escola_Central_A,1534
aluno_123,Escola_Zona_Norte,2699
aluno_122,Escola_Morgado_Rosa,4671
aluno_122,Escola_Zona_Leste,4548
aluno_123,Escola_Morgado_Rosa,3842
aluno_124,Escola_Zona_Norte,3208
aluno_124,Escola_Central_B,1758
aluno_124,Escola_Menno_Fiege,1911
aluno_124,Escola_Zona_Leste,2574
aluno_124,Escola_Passo_Pedras,2935
aluno_124,Escola_Industrial,1190
aluno_124,Escola_Getulio_Vargas,316
aluno_124,Escola_Castro_Alves,4680
aluno_123,Escola_Castro_Alves,2387
aluno_123,Escola_Industrial,2469
aluno_123,Escola_Getulio_Vargas,2951
aluno_123,Escola_Zona_Leste,4119
aluno_124,Escola_Morgado_Rosa,1309
aluno_125,Escola_Passo_Pedras,3024
aluno_125,Escola_Central_B,1149
aluno_124,Escola_Central_A,2036
aluno_125,Escola_Menno_Fiege,767
aluno_125,Escola_Central_A,1672
aluno_125,Escola_Castro_Alves,3537
aluno_125,Escola_Zona_Norte,2066
aluno_126,Escola_Central_B,1029
aluno_125,Escola_Morgado_Rosa,2686
aluno_125,Escola_Industrial,2172
aluno_126,Escola_Central_A,756
aluno_125,Escola_Getulio_Vargas,1197
aluno_125,Escola_Zona_Leste,1132
aluno_126,Escola_Zona_Norte,2053
aluno_126,Escola_Menno_Fiege,2251
aluno_126,Escola_Morgado_Rosa,2107
aluno_126,Escola_Industrial,700
aluno_126,Escola_Passo_Pedras,1564
aluno_126,Escola_Castro_Alves,3466
aluno_126,Escola_Zona_Leste,3099
aluno_127,Escola_Central_A,730
aluno_127,Escola_Central_B,452
aluno_126,Escola_Getulio_Vargas,1266
aluno_127,Escola_Passo_Pedras,2083
aluno_127,Escola_Zona_Norte,1993
aluno_127,Escola_Menno_Fiege,1273
aluno_127,Escola_Industrial,1231
aluno_128,Escola_Zona_Norte,2363
aluno_127,Escola_Zona_Leste,2032
aluno_127,Escola_Castro_Alves,3419
aluno_128,Escola_Central_A,1981
aluno_128,Escola_Menno_Fiege,2966
aluno_127,Escola_Morgado_Rosa,2509
aluno_128,Escola_Central_B,2324
aluno_127,Escola_Getulio_Vargas,1021
aluno_128,Escola_Castro_Alves,1584
aluno_128,Escola_Passo_Pedras,1678
aluno_128,Escola_Industrial,3253
aluno_129,Escola_Central_B,1581
aluno_128,Escola_Getulio_Vargas,3658
aluno_129,Escola_Central_A,1066
aluno_128,Escola_Zona_Leste,4258
aluno_128,Escola_Morgado_Rosa,4626
aluno_129,Escola_Passo_Pedras,903
aluno_129,Escola_Zona_Norte,2327
aluno_129,Escola_Menno_Fiege,2808
aluno_129,Escola_Industrial,1371
aluno_129,Escola_Getulio_Vargas,1851
aluno_130,Escola_Menno_Fiege,2964
aluno_130,Escola_Zona_Norte,1545
aluno_130,Escola_Passo_Pedras,2872
aluno_130,Escola_Central_B,3051
aluno_129,Escola_Morgado_Rosa,2742
aluno_129,Escola_Zona_Leste,3651
aluno_129,Escola_Castro_Alves,2905
aluno_130,Escola_Castro_Alves,291
aluno_130,Escola_Central_A,2777
aluno_131,Escola_Central_B,841
aluno_130,Escola_Getulio_Vargas,4456
aluno_130,Escola_Industrial,4172
aluno_130,Escola_Morgado_Rosa,5540
aluno_131,Escola_Menno_Fiege,2059
aluno_131,Escola_Central_A,1095
aluno_131,Escola_Morgado_Rosa,1719
aluno_131,Escola_Zona_Norte,2392
aluno_131,Escola_Industrial,373
aluno_131,Escola_Passo_Pedras,1907
aluno_131,Escola_Zona_Leste,2907
aluno_130,Escola_Zona_Leste,4018
aluno_131,Escola_Castro_Alves,3804
aluno_131,Escola_Getulio_Vargas,1021
aluno_132,Escola_Passo_Pedras,1593
aluno_132,Escola_Central_A,1525
aluno_132,Escola_Morgado_Rosa,4171
aluno_132,Escola_Castro_Alves,1706
aluno_132,Escola_Zona_Leste,3802
aluno_132,Escola_Menno_Fiege,2510
aluno_133,Escola_Menno_Fiege,1719
aluno_132,Escola_Zona_Norte,1908
aluno_133,Escola_Zona_Norte,3016
aluno_132,Escola_Central_B,1869
aluno_133,Escola_Passo_Pedras,2820
aluno_133,Escola_Morgado_Rosa,1394
aluno_133,Escola_Central_B,1567
aluno_133,Escola_Central_A,1845
aluno_132,Escola_Getulio_Vargas,3203
aluno_132,Escola_Industrial,2797
aluno_133,Escola_Getulio_Vargas,124
aluno_134,Escola_Central_A,1398
aluno_133,Escola_Zona_Leste,2382
aluno_133,Escola_Industrial,1181
aluno_134,Escola_Zona_Norte,124
aluno_134,Escola_Central_B,1680
aluno_133,Escola_Castro_Alves,4488
aluno_134,Escola_Morgado_Rosa,4165
aluno_134,Escola_Menno_Fiege,1532
aluno_135,Escola_Central_A,1797
aluno_134,Escola_Passo_Pedras,2915
aluno_134,Escola_Industrial,2847
aluno_135,Escola_Zona_Norte,3065
aluno_134,Escola_Castro_Alves,1416
aluno_134,Escola_Getulio_Vargas,3025
aluno_134,Escola_Zona_Leste,2587
aluno_135,Escola_Morgado_Rosa,3569
aluno_135,Escola_Central_B,2312
aluno_135,Escola_Passo_Pedras,267
aluno_135,Escola_Menno_Fiege,3539
aluno_135,Escola_Industrial,2454
aluno_135,Escola_Getulio_Vargas,2967
aluno_136,Escola_Central_B,1581
aluno_135,Escola_Zona_Leste,4381
aluno_135,Escola_Castro_Alves,3182
aluno_136,Escola_Central_A,2104
aluno_136,Escola_Zona_Norte,2270
aluno_136,Escola_Menno_Fiege,1151
aluno_136,Escola_Industrial,2605
aluno_136,Escola_Zona_Leste,780
aluno_136,Escola_Morgado_Rosa,3118
aluno_136,Escola_Passo_Pedras,3457
aluno_136,Escola_Getulio_Vargas,1630
aluno_137,Escola_Menno_Fiege,906
aluno_137,Escola_Central_B,386
aluno_137,Escola_Zona_Norte,1224
aluno_137,Escola_Central_A,925
aluno_137,Escola_Passo_Pedras,2423
aluno_136,Escola_Castro_Alves,3741
aluno_137,Escola_Industrial,1570
aluno_137,Escola_Castro_Alves,2636
aluno_138,Escola_Morgado_Rosa,1078
aluno_138,Escola_Central_B,1883
aluno_138,Escola_Zona_Norte,3332
aluno_137,Escola_Morgado_Rosa,2885
aluno_138,Escola_Zona_Leste,2698
aluno_138,Escola_Getulio_Vargas,440
aluno_138,Escola_Central_A,2161
aluno_137,Escola_Zona_Leste,2023
aluno_138,Escola_Castro_Alves,4804
aluno_139,Escola_Central_A,1527
aluno_139,Escola_Central_B,1870
aluno_138,Escola_Menno_Fiege,2035
aluno_138,Escola_Industrial,1423
aluno_137,Escola_Getulio_Vargas,1805
aluno_139,Escola_Zona_Norte,1909
aluno_139,Escola_Morgado_Rosa,4172
aluno_139,Escola_Castro_Alves,1708
aluno_139,Escola_Zona_Leste,3804
aluno_139,Escola_Passo_Pedras,1595
aluno_138,Escola_Passo_Pedras,3137
aluno_139,Escola_Industrial,2799
aluno_139,Escola_Menno_Fiege,2512
aluno_140,Escola_Menno_Fiege,2857
aluno_140,Escola_Zona_Norte,2383
aluno_139,Escola_Getulio_Vargas,3204
aluno_140,Escola_Central_B,1630
aluno_140,Escola_Morgado_Rosa,2847
aluno_140,Escola_Industrial,1476
aluno_140,Escola_Getulio_Vargas,1955
aluno_140,Escola_Zona_Leste,3699
aluno_140,Escola_Central_A,1115
aluno_140,Escola_Passo_Pedras,815
aluno_141,Escola_Central_B,1010
aluno_141,Escola_Menno_Fiege,386
aluno_141,Escola_Central_A,1534
aluno_141,Escola_Zona_Norte,1664
aluno_140,Escola_Castro_Alves,2872
aluno_141,Escola_Getulio_Vargas,1260
aluno_141,Escola_Zona_Leste,1455
aluno_141,Escola_Industrial,2163
aluno_141,Escola_Passo_Pedras,3018
aluno_142,Escola_Central_A,1751
aluno_142,Escola_Central_B,2268
aluno_141,Escola_Morgado_Rosa,2749
aluno_141,Escola_Castro_Alves,3135
aluno_142,Escola_Zona_Norte,3035
aluno_142,Escola_Menno_Fiege,3492
aluno_142,Escola_Passo_Pedras,2123
aluno_142,Escola_Morgado_Rosa,2291
aluno_143,Escola_Central_B,1778
aluno_142,Escola_Castro_Alves,4354
aluno_143,Escola_Central_A,2056
aluno_142,Escola_Getulio_Vargas,2312
aluno_143,Escola_Menno_Fiege,1795
aluno_143,Escola_Zona_Norte,3093
aluno_143,Escola_Morgado_Rosa,1915
aluno_143,Escola_Zona_Leste,2458
aluno_142,Escola_Zona_Leste,4340
aluno_142,Escola_Industrial,1298
aluno_144,Escola_Zona_Norte,2251
aluno_143,Escola_Industrial,2058
aluno_144,Escola_Central_B,1225
aluno_143,Escola_Getulio_Vargas,1049
aluno_144,Escola_Passo_Pedras,1718
aluno_144,Escola_Menno_Fiege,2448
aluno_144,Escola_Zona_Leste,3296
aluno_144,Escola_Central_A,954
aluno_144,Escola_Morgado_Rosa,1961
aluno_144,Escola_Industrial,553
aluno_143,Escola_Passo_Pedras,3377
aluno_143,Escola_Castro_Alves,4564
aluno_145,Escola_Central_B,2350
aluno_145,Escola_Zona_Norte,3109
aluno_145,Escola_Central_A,1831
aluno_144,Escola_Getulio_Vargas,1262
aluno_144,Escola_Castro_Alves,3663
aluno_145,Escola_Morgado_Rosa,2439
aluno_146,Escola_Central_A,868
aluno_146,Escola_Zona_Norte,2129
aluno_146,Escola_Passo_Pedras,891
aluno_145,Escola_Getulio_Vargas,2394
aluno_145,Escola_Castro_Alves,3944
aluno_146,Escola_Central_B,1384
aluno_145,Escola_Passo_Pedras,1029
aluno_145,Escola_Zona_Leste,4419
aluno_145,Escola_Menno_Fiege,3577
aluno_146,Escola_Getulio_Vargas,1809
aluno_146,Escola_Menno_Fiege,2611
aluno_146,Escola_Morgado_Rosa,2701
aluno_146,Escola_Zona_Leste,3453
aluno_145,Escola_Industrial,1446
aluno_146,Escola_Castro_Alves,2888
aluno_147,Escola_Zona_Norte,3662
aluno_147,Escola_Central_A,2394
aluno_147,Escola_Menno_Fiege,4135
aluno_146,Escola_Industrial,1345
aluno_147,Escola_Passo_Pedras,864
aluno_148,Escola_Central_A,982
aluno_147,Escola_Getulio_Vargas,3470
aluno_148,Escola_Passo_Pedras,714
aluno_148,Escola_Central_B,1524
aluno_147,Escola_Morgado_Rosa,3875
aluno_147,Escola_Industrial,2760
aluno_147,Escola_Zona_Leste,4978
aluno_148,Escola_Castro_Alves,2307
aluno_148,Escola_Industrial,2187
aluno_147,Escola_Central_B,2909
aluno_149,Escola_Central_A,1536
aluno_147,Escola_Castro_Alves,3595
aluno_148,Escola_Zona_Leste,3599
aluno_148,Escola_Zona_Norte,2195
aluno_148,Escola_Menno_Fiege,2746
aluno_149,Escola_Zona_Norte,2833
aluno_149,Escola_Morgado_Rosa,1687
aluno_148,Escola_Morgado_Rosa,3561
aluno_149,Escola_Menno_Fiege,2969
aluno_149,Escola_Central_B,1751
aluno_149,Escola_Zona_Leste,3817
aluno_149,Escola_Passo_Pedras,2093
aluno_149,Escola_Getulio_Vargas,1672
aluno_149,Escola_Castro_Alves,4245
aluno_150,Escola_Menno_Fiege,2021
aluno_150,Escola_Central_A,3605
aluno_150,Escola_Zona_Norte,2896
aluno_149,Escola_Industrial,558
aluno_148,Escola_Getulio_Vargas,2588
aluno_150,Escola_Passo_Pedras,5089
aluno_150,Escola_Morgado_Rosa,4283
aluno_150,Escola_Central_B,3072
aluno_150,Escola_Getulio_Vargas,3271
aluno_151,Escola_Menno_Fiege,3064
aluno_150,Escola_Castro_Alves,3994
aluno_151,Escola_Castro_Alves,206
aluno_150,Escola_Zona_Leste,2557
aluno_151,Escola_Central_A,2808
aluno_151,Escola_Central_B,3152
aluno_151,Escola_Zona_Leste,4119
aluno_151,Escola_Morgado_Rosa,5454
aluno_152,Escola_Zona_Norte,383
aluno_151,Escola_Getulio_Vargas,4486
aluno_151,Escola_Industrial,4080
aluno_152,Escola_Central_A,1669
aluno_152,Escola_Central_B,1914
aluno_152,Escola_Menno_Fiege,1739
aluno_151,Escola_Zona_Norte,1646
aluno_151,Escola_Passo_Pedras,2781
aluno_150,Escola_Industrial,4234
aluno_152,Escola_Castro_Alves,1221
aluno_152,Escola_Passo_Pedras,3181
aluno_152,Escola_Industrial,3111
aluno_152,Escola_Zona_Leste,2793
aluno_153,Escola_Morgado_Rosa,531
aluno_152,Escola_Getulio_Vargas,3232
aluno_153,Escola_Passo_Pedras,2967
aluno_152,Escola_Morgado_Rosa,4427
aluno_153,Escola_Menno_Fiege,2782
aluno_153,Escola_Central_B,2141
aluno_153,Escola_Zona_Norte,3693
aluno_153,Escola_Getulio_Vargas,1188
aluno_153,Escola_Central_A,2396
aluno_153,Escola_Industrial,1021
aluno_154,Escola_Central_A,446
aluno_153,Escola_Zona_Leste,3445
aluno_153,Escola_Castro_Alves,5106
aluno_154,Escola_Central_B,839
aluno_154,Escola_Zona_Leste,3034
aluno_154,Escola_Zona_Norte,1571
aluno_154,Escola_Menno_Fiege,2076
aluno_154,Escola_Getulio_Vargas,2187
aluno_154,Escola_Castro_Alves,2498
aluno_154,Escola_Passo_Pedras,1235
aluno_154,Escola_Morgado_Rosa,3213
aluno_154,Escola_Industrial,1881
aluno_155,Escola_Passo_Pedras,3911
aluno_155,Escola_Central_A,2489
aluno_155,Escola_Menno_Fiege,906
aluno_155,Escola_Central_B,1956
aluno_155,Escola_Getulio_Vargas,2084
aluno_155,Escola_Zona_Norte,2021
aluno_155,Escola_Morgado_Rosa,3572
aluno_156,Escola_Morgado_Rosa,2135
aluno_155,Escola_Industrial,3058
aluno_155,Escola_Zona_Leste,852
aluno_156,Escola_Central_A,653
aluno_156,Escola_Zona_Norte,1950
aluno_156,Escola_Passo_Pedras,1506
aluno_156,Escola_Industrial,808
aluno_156,Escola_Zona_Leste,2881
aluno_157,Escola_Central_A,841
aluno_157,Escola_Central_B,1004
aluno_155,Escola_Castro_Alves,3261
aluno_157,Escola_Passo_Pedras,1627
aluno_157,Escola_Zona_Norte,2139
aluno_156,Escola_Central_B,810
aluno_157,Escola_Menno_Fiege,2228
aluno_156,Escola_Menno_Fiege,2033
aluno_156,Escola_Getulio_Vargas,1243
aluno_157,Escola_Industrial,613
aluno_156,Escola_Castro_Alves,3363
aluno_157,Escola_Zona_Leste,3076
aluno_157,Escola_Morgado_Rosa,2021
aluno_158,Escola_Central_B,2248
aluno_158,Escola_Central_A,2526
aluno_157,Escola_Getulio_Vargas,1242
aluno_158,Escola_Industrial,1532
aluno_158,Escola_Passo_Pedras,3362
aluno_158,Escola_Getulio_Vargas,806
aluno_158,Escola_Menno_Fiege,2400
aluno_158,Escola_Morgado_Rosa,1143
aluno_158,Escola_Zona_Norte,3698
aluno_157,Escola_Castro_Alves,3551
aluno_159,Escola_Menno_Fiege,462
aluno_158,Escola_Castro_Alves,5169
aluno_159,Escola_Central_A,1453
aluno_159,Escola_Zona_Norte,1761
aluno_159,Escola_Morgado_Rosa,2651
aluno_159,Escola_Zona_Leste,1358
aluno_159,Escola_Central_B,930
aluno_158,Escola_Zona_Leste,3063
aluno_159,Escola_Passo_Pedras,2938
aluno_160,Escola_Passo_Pedras,1754
aluno_159,Escola_Getulio_Vargas,1162
aluno_159,Escola_Industrial,2082
aluno_160,Escola_Central_A,989
aluno_160,Escola_Menno_Fiege,2383
aluno_160,Escola_Central_B,1159
aluno_159,Escola_Castro_Alves,3233
aluno_160,Escola_Morgado_Rosa,1900
aluno_160,Escola_Zona_Norte,2286
aluno_160,Escola_Industrial,492
aluno_160,Escola_Zona_Leste,3231
aluno_160,Escola_Castro_Alves,3699
aluno_161,Escola_Central_B,2396
aluno_161,Escola_Passo_Pedras,351
aluno_160,Escola_Getulio_Vargas,1201
aluno_161,Escola_Central_A,1881
aluno_161,Escola_Menno_Fiege,3622
aluno_161,Escola_Industrial,2190
aluno_161,Escola_Zona_Norte,3148
aluno_161,Escola_Getulio_Vargas,2899
aluno_161,Escola_Morgado_Rosa,3305
aluno_162,Escola_Zona_Norte,3497
aluno_162,Escola_Morgado_Rosa,3724
aluno_161,Escola_Zona_Leste,4465
aluno_161,Escola_Castro_Alves,3266
aluno_162,Escola_Central_B,2744
aluno_162,Escola_Passo_Pedras,699
aluno_163,Escola_Central_B,1888
aluno_162,Escola_Central_A,2229
aluno_162,Escola_Industrial,2610
aluno_163,Escola_Central_A,1373
aluno_162,Escola_Castro_Alves,3430
aluno_162,Escola_Getulio_Vargas,3319
aluno_162,Escola_Menno_Fiege,3970
aluno_162,Escola_Zona_Leste,4813
aluno_163,Escola_Passo_Pedras,573
aluno_163,Escola_Menno_Fiege,3115
aluno_163,Escola_Zona_Norte,2547
aluno_164,Escola_Central_B,905
aluno_163,Escola_Castro_Alves,2366
aluno_163,Escola_Getulio_Vargas,2913
aluno_163,Escola_Morgado_Rosa,3804
aluno_164,Escola_Central_A,1183
aluno_163,Escola_Industrial,2431
aluno_164,Escola_Passo_Pedras,2536
aluno_164,Escola_Menno_Fiege,1057
aluno_164,Escola_Zona_Norte,2355
aluno_164,Escola_Zona_Leste,1720
aluno_164,Escola_Morgado_Rosa,2056
aluno_164,Escola_Industrial,1562
aluno_163,Escola_Zona_Leste,3958
aluno_164,Escola_Getulio_Vargas,568
aluno_165,Escola_Morgado_Rosa,4070
aluno_165,Escola_Central_A,2915
aluno_165,Escola_Passo_Pedras,4399
aluno_164,Escola_Castro_Alves,3826
aluno_165,Escola_Central_B,2382
aluno_165,Escola_Menno_Fiege,1332
aluno_165,Escola_Zona_Norte,2207
aluno_166,Escola_Zona_Norte,1243
aluno_166,Escola_Central_B,744
aluno_165,Escola_Industrial,3544
aluno_165,Escola_Getulio_Vargas,2581
aluno_165,Escola_Zona_Leste,1868
aluno_165,Escola_Castro_Alves,3304
aluno_166,Escola_Central_A,1276
aluno_166,Escola_Passo_Pedras,2761
aluno_166,Escola_Castro_Alves,2715
aluno_166,Escola_Getulio_Vargas,1747
aluno_166,Escola_Menno_Fiege,539
aluno_166,Escola_Morgado_Rosa,3222
aluno_166,Escola_Zona_Leste,1892
aluno_166,Escola_Industrial,1906
aluno_168,Escola_Central_A,2451
aluno_167,Escola_Passo_Pedras,716
aluno_167,Escola_Central_B,2347
aluno_167,Escola_Zona_Norte,3105
aluno_167,Escola_Menno_Fiege,3573
aluno_167,Escola_Central_A,1828
aluno_168,Escola_Morgado_Rosa,446
aluno_167,Escola_Getulio_Vargas,2391
aluno_167,Escola_Morgado_Rosa,2964
aluno_168,Escola_Central_B,2197
aluno_168,Escola_Menno_Fiege,3123
aluno_168,Escola_Passo_Pedras,3022
aluno_168,Escola_Industrial,1077
aluno_167,Escola_Castro_Alves,3631
aluno_167,Escola_Zona_Leste,4416
aluno_167,Escola_Industrial,1682
aluno_168,Escola_Zona_Norte,3748
aluno_169,Escola_Central_A,1842
aluno_168,Escola_Zona_Leste,3786
aluno_168,Escola_Getulio_Vargas,1529
aluno_169,Escola_Morgado_Rosa,3266
aluno_169,Escola_Castro_Alves,3227
aluno_169,Escola_Menno_Fiege,3583
aluno_168,Escola_Castro_Alves,5161
aluno_169,Escola_Industrial,2151
aluno_169,Escola_Getulio_Vargas,2860
aluno_170,Escola_Zona_Norte,2154
aluno_170,Escola_Central_B,2114
aluno_170,Escola_Central_A,1771
aluno_170,Escola_Passo_Pedras,1436
aluno_170,Escola_Industrial,3043
aluno_169,Escola_Passo_Pedras,312
aluno_170,Escola_Menno_Fiege,2756
aluno_170,Escola_Castro_Alves,1681
aluno_170,Escola_Zona_Leste,4048
aluno_171,Escola_Central_B,2017
aluno_170,Escola_Getulio_Vargas,3449
aluno_171,Escola_Passo_Pedras,3093
aluno_169,Escola_Zona_Leste,4426
aluno_171,Escola_Central_A,2271
aluno_171,Escola_Morgado_Rosa,724
aluno_171,Escola_Zona_Leste,3276
aluno_171,Escola_Industrial,1263
aluno_171,Escola_Menno_Fiege,2613
aluno_172,Escola_Zona_Norte,1980
aluno_171,Escola_Castro_Alves,4981
aluno_172,Escola_Central_A,689
aluno_172,Escola_Menno_Fiege,1440
aluno_172,Escola_Central_B,441
aluno_169,Escola_Central_B,2357
aluno_172,Escola_Morgado_Rosa,2291
aluno_172,Escola_Passo_Pedras,1907
aluno_169,Escola_Zona_Norte,3110
aluno_171,Escola_Getulio_Vargas,1019
aluno_173,Escola_Central_A,894
aluno_172,Escola_Zona_Leste,2287
aluno_173,Escola_Zona_Norte,1562
aluno_172,Escola_Castro_Alves,3399
aluno_173,Escola_Central_B,361
aluno_171,Escola_Zona_Norte,3569
aluno_172,Escola_Industrial,975
aluno_173,Escola_Industrial,1541
aluno_173,Escola_Zona_Leste,1849
aluno_173,Escola_Getulio_Vargas,1466
aluno_170,Escola_Morgado_Rosa,4417
aluno_173,Escola_Morgado_Rosa,2856
aluno_173,Escola_Passo_Pedras,2392
aluno_173,Escola_Castro_Alves,3001
aluno_172,Escola_Getulio_Vargas,1276
aluno_174,Escola_Zona_Norte,1828
aluno_173,Escola_Menno_Fiege,899
aluno_174,Escola_Central_A,558
aluno_174,Escola_Castro_Alves,3242
aluno_174,Escola_Menno_Fiege,2300
aluno_174,Escola_Central_B,1073
aluno_175,Escola_Central_B,3205
aluno_174,Escola_Morgado_Rosa,2252
aluno_175,Escola_Central_A,2690
aluno_174,Escola_Passo_Pedras,1343
aluno_174,Escola_Industrial,927
aluno_174,Escola_Getulio_Vargas,1360
aluno_174,Escola_Zona_Leste,3142
aluno_175,Escola_Passo_Pedras,1160
aluno_175,Escola_Zona_Norte,3958
aluno_176,Escola_Central_B,1655
aluno_175,Escola_Menno_Fiege,4432
aluno_175,Escola_Castro_Alves,4075
aluno_175,Escola_Morgado_Rosa,3828
aluno_176,Escola_Zona_Norte,3206
aluno_175,Escola_Zona_Leste,5274
aluno_176,Escola_Menno_Fiege,2396
aluno_176,Escola_Morgado_Rosa,1037
aluno_176,Escola_Industrial,724
aluno_177,Escola_Central_A,967
aluno_177,Escola_Central_B,551
aluno_176,Escola_Getulio_Vargas,772
aluno_176,Escola_Passo_Pedras,2731
aluno_177,Escola_Menno_Fiege,960
aluno_177,Escola_Passo_Pedras,2450
aluno_177,Escola_Morgado_Rosa,2910
aluno_177,Escola_Zona_Norte,1865
aluno_175,Escola_Getulio_Vargas,3416
aluno_176,Escola_Central_A,1909
aluno_177,Escola_Industrial,1595
aluno_175,Escola_Industrial,2707
aluno_177,Escola_Getulio_Vargas,1473
aluno_177,Escola_Castro_Alves,3299
aluno_176,Escola_Zona_Leste,3059
aluno_177,Escola_Zona_Leste,1890
aluno_178,Escola_Zona_Norte,3276
aluno_178,Escola_Zona_Leste,2641
aluno_178,Escola_Passo_Pedras,3339
aluno_178,Escola_Central_B,1897
aluno_178,Escola_Menno_Fiege,1978
aluno_178,Escola_Central_A,2175
aluno_176,Escola_Castro_Alves,4619
aluno_178,Escola_Morgado_Rosa,1516
aluno_178,Escola_Industrial,1689
aluno_178,Escola_Castro_Alves,4747
aluno_179,Escola_Menno_Fiege,2228
aluno_179,Escola_Central_A,2347
aluno_179,Escola_Zona_Norte,3526
aluno_179,Escola_Passo_Pedras,3408
aluno_179,Escola_Castro_Alves,4997
aluno_178,Escola_Getulio_Vargas,715
aluno_179,Escola_Zona_Leste,2891
aluno_180,Escola_Passo_Pedras,1073
aluno_179,Escola_Getulio_Vargas,752
aluno_180,Escola_Zona_Norte,3871
aluno_180,Escola_Menno_Fiege,4345
aluno_179,Escola_Central_B,2069
aluno_180,Escola_Central_B,3118
aluno_179,Escola_Industrial,1578
aluno_179,Escola_Morgado_Rosa,1189
aluno_181,Escola_Central_B,2387
aluno_180,Escola_Zona_Leste,5187
aluno_180,Escola_Central_A,2603
aluno_181,Escola_Zona_Norte,3146
aluno_180,Escola_Morgado_Rosa,4099
aluno_180,Escola_Castro_Alves,3804
aluno_180,Escola_Getulio_Vargas,3693
aluno_180,Escola_Industrial,2984
aluno_181,Escola_Getulio_Vargas,2431
aluno_181,Escola_Passo_Pedras,676
aluno_181,Escola_Morgado_Rosa,3004
aluno_181,Escola_Menno_Fiege,3614
aluno_182,Escola_Central_A,2003
aluno_182,Escola_Central_B,2518
aluno_182,Escola_Zona_Norte,3271
aluno_181,Escola_Central_A,1868
aluno_181,Escola_Industrial,1722
aluno_182,Escola_Morgado_Rosa,3732
aluno_182,Escola_Menno_Fiege,3745
aluno_181,Escola_Zona_Leste,4456
aluno_181,Escola_Castro_Alves,3591
aluno_182,Escola_Passo_Pedras,474
aluno_183,Escola_Central_A,905
aluno_182,Escola_Castro_Alves,3015
aluno_182,Escola_Zona_Leste,4587
aluno_183,Escola_Passo_Pedras,1095
aluno_183,Escola_Menno_Fiege,2651
aluno_182,Escola_Industrial,2618
aluno_183,Escola_Central_B,1424
aluno_183,Escola_Zona_Norte,2176
aluno_182,Escola_Getulio_Vargas,3173
aluno_183,Escola_Castro_Alves,3091
aluno_184,Escola_Central_B,2596
aluno_184,Escola_Menno_Fiege,2510
aluno_184,Escola_Central_A,2322
aluno_183,Escola_Morgado_Rosa,2532
aluno_184,Escola_Passo_Pedras,3342
aluno_184,Escola_Industrial,3767
aluno_183,Escola_Industrial,1124
aluno_184,Escola_Morgado_Rosa,5085
aluno_184,Escola_Castro_Alves,451
aluno_185,Escola_Zona_Norte,1291
aluno_184,Escola_Zona_Leste,3565
aluno_185,Escola_Central_B,2797
aluno_185,Escola_Central_A,2523
aluno_183,Escola_Zona_Leste,3494
aluno_184,Escola_Getulio_Vargas,4001
aluno_183,Escola_Getulio_Vargas,1677
aluno_186,Escola_Central_A,1013
aluno_184,Escola_Zona_Norte,1090
aluno_185,Escola_Menno_Fiege,2710
aluno_185,Escola_Castro_Alves,306
aluno_186,Escola_Central_B,594
aluno_185,Escola_Passo_Pedras,3155
aluno_186,Escola_Menno_Fiege,846
aluno_185,Escola_Morgado_Rosa,5286
aluno_185,Escola_Zona_Leste,3764
aluno_185,Escola_Industrial,3968
aluno_186,Escola_Morgado_Rosa,3106
aluno_186,Escola_Passo_Pedras,2507
aluno_187,Escola_Zona_Norte,3305
aluno_186,Escola_Zona_Norte,1006
aluno_186,Escola_Getulio_Vargas,1991
aluno_187,Escola_Menno_Fiege,3774
aluno_187,Escola_Central_A,2029
aluno_187,Escola_Central_B,2548
aluno_185,Escola_Getulio_Vargas,4202
aluno_187,Escola_Passo_Pedras,507
aluno_187,Escola_Industrial,1883
aluno_187,Escola_Morgado_Rosa,2997
aluno_187,Escola_Getulio_Vargas,2592
aluno_186,Escola_Industrial,1791
aluno_186,Escola_Zona_Leste,2199
aluno_187,Escola_Zona_Leste,4617
aluno_187,Escola_Castro_Alves,3422
aluno_186,Escola_Castro_Alves,2420
aluno_188,Escola_Morgado_Rosa,2055
aluno_188,Escola_Castro_Alves,3516
aluno_188,Escola_Passo_Pedras,1571
aluno_188,Escola_Central_A,807
aluno_188,Escola_Central_B,1152
aluno_188,Escola_Zona_Norte,2104
aluno_188,Escola_Getulio_Vargas,1356
aluno_188,Escola_Menno_Fiege,2376
aluno_189,Escola_Central_B,952
aluno_189,Escola_Industrial,1605
aluno_189,Escola_Zona_Norte,1704
aluno_189,Escola_Menno_Fiege,2179
aluno_188,Escola_Zona_Leste,3223
aluno_189,Escola_Zona_Leste,3021
aluno_189,Escola_Castro_Alves,2736
aluno_189,Escola_Getulio_Vargas,2010
aluno_190,Escola_Zona_Norte,869
aluno_190,Escola_Central_A,1137
aluno_190,Escola_Central_B,1410
aluno_189,Escola_Central_A,433
aluno_190,Escola_Morgado_Rosa,3896
aluno_190,Escola_Castro_Alves,2282
aluno_189,Escola_Passo_Pedras,1093
aluno_190,Escola_Passo_Pedras,1936
aluno_190,Escola_Zona_Leste,2855
aluno_188,Escola_Industrial,647
aluno_190,Escola_Menno_Fiege,1562
aluno_190,Escola_Industrial,2578
aluno_189,Escola_Morgado_Rosa,2932
aluno_191,Escola_Central_A,953
aluno_191,Escola_Passo_Pedras,2450
aluno_191,Escola_Morgado_Rosa,3125
aluno_191,Escola_Central_B,609
aluno_191,Escola_Menno_Fiege,908
aluno_191,Escola_Getulio_Vargas,2037
aluno_190,Escola_Getulio_Vargas,2818
aluno_192,Escola_Central_A,1742
aluno_191,Escola_Castro_Alves,2409
aluno_192,Escola_Menno_Fiege,3488
aluno_192,Escola_Central_B,2261
aluno_191,Escola_Zona_Norte,997
aluno_192,Escola_Morgado_Rosa,2350
aluno_192,Escola_Passo_Pedras,1118
aluno_191,Escola_Zona_Leste,2255
aluno_192,Escola_Getulio_Vargas,2305
aluno_192,Escola_Castro_Alves,4033
aluno_191,Escola_Industrial,1810
aluno_193,Escola_Central_B,1499
aluno_192,Escola_Industrial,1357
aluno_192,Escola_Zona_Norte,3020
aluno_192,Escola_Zona_Leste,4330
aluno_193,Escola_Central_A,1777
aluno_193,Escola_Zona_Leste,2314
aluno_193,Escola_Passo_Pedras,2671
aluno_193,Escola_Castro_Alves,4420
aluno_194,Escola_Passo_Pedras,2026
aluno_193,Escola_Menno_Fiege,1651
aluno_193,Escola_Morgado_Rosa,1545
aluno_194,Escola_Zona_Leste,2853
aluno_194,Escola_Central_A,1205
aluno_194,Escola_Central_B,950
aluno_193,Escola_Zona_Norte,2948
aluno_193,Escola_Industrial,1092
aluno_194,Escola_Morgado_Rosa,1589
aluno_193,Escola_Getulio_Vargas,27
aluno_194,Escola_Industrial,430
aluno_194,Escola_Menno_Fiege,2168
aluno_194,Escola_Getulio_Vargas,836
aluno_194,Escola_Zona_Norte,2502
aluno_194,Escola_Castro_Alves,3914
aluno_195,Escola_Menno_Fiege,2900
aluno_195,Escola_Central_B,2258
aluno_195,Escola_Central_A,1915
aluno_195,Escola_Zona_Norte,2297
aluno_195,Escola_Castro_Alves,1768
aluno_195,Escola_Passo_Pedras,1579
aluno_195,Escola_Morgado_Rosa,4560
aluno_195,Escola_Getulio_Vargas,3592
aluno_195,Escola_Zona_Leste,4192
aluno_195,Escola_Industrial,3187
aluno_196,Escola_Menno_Fiege,2809
aluno_196,Escola_Zona_Norte,3666
aluno_197,Escola_Zona_Norte,2456
aluno_196,Escola_Central_A,2369
aluno_196,Escola_Central_B,2114
aluno_196,Escola_Morgado_Rosa,546
aluno_196,Escola_Passo_Pedras,2940
aluno_196,Escola_Industrial,995
aluno_196,Escola_Getulio_Vargas,1214
aluno_197,Escola_Central_A,2715
aluno_197,Escola_Menno_Fiege,1337
aluno_196,Escola_Zona_Leste,3472
aluno_197,Escola_Morgado_Rosa,3748
aluno_197,Escola_Zona_Leste,200
aluno_197,Escola_Castro_Alves,3927
aluno_197,Escola_Passo_Pedras,4087
aluno_197,Escola_Industrial,3235
aluno_197,Escola_Central_B,2182
aluno_198,Escola_Central_B,1718
aluno_197,Escola_Getulio_Vargas,2260
aluno_198,Escola_Menno_Fiege,1559
aluno_198,Escola_Zona_Norte,2857
aluno_198,Escola_Passo_Pedras,3349
aluno_196,Escola_Castro_Alves,5079
aluno_198,Escola_Castro_Alves,4328
aluno_198,Escola_Central_A,1996
aluno_199,Escola_Central_B,1628
aluno_198,Escola_Industrial,2078
aluno_198,Escola_Getulio_Vargas,1070
aluno_199,Escola_Zona_Norte,2211
aluno_199,Escola_Menno_Fiege,1092
aluno_199,Escola_Passo_Pedras,3527
aluno_198,Escola_Morgado_Rosa,2338
aluno_199,Escola_Central_A,2161
aluno_199,Escola_Morgado_Rosa,3188
aluno_199,Escola_Industrial,2674
aluno_199,Escola_Zona_Leste,590
aluno_198,Escola_Zona_Leste,2222
aluno_199,Escola_Castro_Alves,3683
aluno_200,Escola_Passo_Pedras,1286
aluno_200,Escola_Morgado_Rosa,3080
aluno_199,Escola_Getulio_Vargas,1700
aluno_200,Escola_Central_B,2624
aluno_201,Escola_Central_B,1175
aluno_200,Escola_Castro_Alves,4201
aluno_201,Escola_Zona_Norte,943
aluno_200,Escola_Getulio_Vargas,2668
aluno_200,Escola_Zona_Norte,3383
aluno_200,Escola_Industrial,1959
aluno_201,Escola_Menno_Fiege,487
aluno_201,Escola_Central_A,1707
aluno_200,Escola_Zona_Leste,4693
aluno_201,Escola_Morgado_Rosa,3591
aluno_200,Escola_Central_A,2105
aluno_201,Escola_Industrial,2337
aluno_200,Escola_Menno_Fiege,3851
aluno_201,Escola_Passo_Pedras,3192
aluno_201,Escola_Getulio_Vargas,2102
aluno_202,Escola_Central_A,2805
aluno_202,Escola_Zona_Norte,4102
aluno_202,Escola_Passo_Pedras,3376
aluno_202,Escola_Industrial,1430
aluno_201,Escola_Zona_Leste,1541
aluno_203,Escola_Central_B,725
aluno_202,Escola_Castro_Alves,5514
aluno_203,Escola_Central_A,1179
aluno_202,Escola_Zona_Leste,3900
aluno_202,Escola_Getulio_Vargas,1642
aluno_203,Escola_Zona_Leste,1606
aluno_203,Escola_Passo_Pedras,2663
aluno_203,Escola_Industrial,1808
aluno_203,Escola_Castro_Alves,3298
aluno_201,Escola_Castro_Alves,2414
aluno_203,Escola_Zona_Norte,1826
aluno_203,Escola_Morgado_Rosa,2711
aluno_204,Escola_Central_A,2000
aluno_203,Escola_Getulio_Vargas,1223
aluno_204,Escola_Menno_Fiege,3741
aluno_204,Escola_Central_B,2514
aluno_204,Escola_Morgado_Rosa,3424
aluno_204,Escola_Zona_Norte,3267
aluno_205,Escola_Central_A,1870
aluno_203,Escola_Menno_Fiege,669
aluno_204,Escola_Industrial,2309
aluno_202,Escola_Morgado_Rosa,168
aluno_204,Escola_Passo_Pedras,470
aluno_202,Escola_Central_B,2550
aluno_204,Escola_Zona_Leste,4584
aluno_204,Escola_Getulio_Vargas,3018
aluno_202,Escola_Menno_Fiege,3237
aluno_205,Escola_Zona_Norte,3137
aluno_205,Escola_Central_B,2384
aluno_205,Escola_Menno_Fiege,3611
aluno_205,Escola_Industrial,2452
aluno_205,Escola_Getulio_Vargas,3039
aluno_205,Escola_Zona_Leste,4454
aluno_204,Escola_Castro_Alves,3385
aluno_206,Escola_Zona_Norte,2201
aluno_205,Escola_Castro_Alves,3181
aluno_206,Escola_Central_B,1441
aluno_205,Escola_Passo_Pedras,340
aluno_205,Escola_Morgado_Rosa,3566
aluno_206,Escola_Menno_Fiege,2667
aluno_207,Escola_Central_A,1748
aluno_206,Escola_Central_A,922
aluno_206,Escola_Passo_Pedras,1213
aluno_206,Escola_Industrial,1005
aluno_206,Escola_Castro_Alves,3210
aluno_207,Escola_Central_B,1216
aluno_206,Escola_Getulio_Vargas,1695
aluno_207,Escola_Menno_Fiege,446
aluno_206,Escola_Zona_Leste,3510
aluno_206,Escola_Morgado_Rosa,2413
aluno_207,Escola_Morgado_Rosa,3550
aluno_207,Escola_Zona_Norte,983
aluno_207,Escola_Industrial,2378
aluno_207,Escola_Castro_Alves,2455
aluno_207,Escola_Passo_Pedras,3233
aluno_207,Escola_Getulio_Vargas,2062
aluno_207,Escola_Zona_Leste,1501
aluno_208,Escola_Central_A,1687
aluno_208,Escola_Zona_Norte,2954
aluno_208,Escola_Getulio_Vargas,2856
aluno_208,Escola_Industrial,2374
aluno_208,Escola_Zona_Leste,4270
aluno_208,Escola_Passo_Pedras,276
aluno_208,Escola_Menno_Fiege,3428
aluno_208,Escola_Central_B,2201
aluno_208,Escola_Morgado_Rosa,3661
aluno_209,Escola_Central_B,2205
aluno_209,Escola_Morgado_Rosa,3771
aluno_209,Escola_Getulio_Vargas,2282
aluno_209,Escola_Zona_Norte,2478
aluno_209,Escola_Central_A,2738
aluno_209,Escola_Menno_Fiege,1359
aluno_210,Escola_Zona_Norte,1313
aluno_208,Escola_Castro_Alves,3048
aluno_210,Escola_Central_B,2819
aluno_210,Escola_Menno_Fiege,2733
aluno_210,Escola_Central_A,2545
aluno_209,Escola_Zona_Leste,4
aluno_209,Escola_Castro_Alves,3950
aluno_210,Escola_Passo_Pedras,3086
aluno_209,Escola_Industrial,3257
aluno_210,Escola_Getulio_Vargas,4224
aluno_210,Escola_Morgado_Rosa,5308
aluno_209,Escola_Passo_Pedras,4109
aluno_211,Escola_Central_A,1445
aluno_210,Escola_Castro_Alves,169
aluno_211,Escola_Menno_Fiege,759
aluno_210,Escola_Industrial,3990
aluno_211,Escola_Central_B,903
aluno_211,Escola_Morgado_Rosa,3411
aluno_211,Escola_Passo_Pedras,2939
aluno_211,Escola_Castro_Alves,2297
aluno_211,Escola_Getulio_Vargas,2118
aluno_212,Escola_Zona_Norte,3339
aluno_211,Escola_Zona_Leste,1813
aluno_212,Escola_Menno_Fiege,2877
aluno_212,Escola_Central_A,2041
aluno_210,Escola_Zona_Leste,3788
aluno_211,Escola_Industrial,2095
aluno_212,Escola_Industrial,657
aluno_212,Escola_Morgado_Rosa,867
aluno_212,Escola_Central_B,1787
aluno_212,Escola_Getulio_Vargas,1253
aluno_211,Escola_Zona_Norte,826
aluno_212,Escola_Passo_Pedras,2689
aluno_212,Escola_Castro_Alves,4751
aluno_213,Escola_Central_A,2714
aluno_212,Escola_Zona_Leste,3540
aluno_213,Escola_Passo_Pedras,4143
aluno_213,Escola_Menno_Fiege,1131
aluno_213,Escola_Industrial,3291
aluno_213,Escola_Central_B,2181
aluno_213,Escola_Zona_Norte,2210
aluno_214,Escola_Central_A,1070
aluno_213,Escola_Morgado_Rosa,3804
aluno_213,Escola_Getulio_Vargas,2316
aluno_213,Escola_Castro_Alves,3308
aluno_214,Escola_Central_B,792
aluno_214,Escola_Zona_Norte,2327
aluno_213,Escola_Zona_Leste,1020
aluno_214,Escola_Morgado_Rosa,2169
aluno_214,Escola_Menno_Fiege,1029
aluno_214,Escola_Industrial,1571
aluno_214,Escola_Getulio_Vargas,681
aluno_214,Escola_Zona_Leste,1692
aluno_214,Escola_Castro_Alves,3759
aluno_215,Escola_Menno_Fiege,836
aluno_214,Escola_Passo_Pedras,2423
aluno_215,Escola_Central_B,1131
aluno_215,Escola_Central_A,1649
aluno_215,Escola_Zona_Norte,647
aluno_216,Escola_Central_B,2049
aluno_215,Escola_Castro_Alves,2118
aluno_215,Escola_Passo_Pedras,3144
aluno_216,Escola_Central_A,2288
aluno_215,Escola_Industrial,2328
aluno_215,Escola_Zona_Leste,1891
aluno_216,Escola_Morgado_Rosa,849
aluno_216,Escola_Industrial,855
aluno_215,Escola_Getulio_Vargas,2338
aluno_216,Escola_Menno_Fiege,3139
aluno_216,Escola_Passo_Pedras,2708
aluno_217,Escola_Zona_Norte,2996
aluno_215,Escola_Morgado_Rosa,3643
aluno_216,Escola_Zona_Norte,3573
aluno_216,Escola_Getulio_Vargas,1515
aluno_217,Escola_Central_B,1570
aluno_217,Escola_Central_A,1848
aluno_217,Escola_Morgado_Rosa,1737
aluno_217,Escola_Passo_Pedras,3056
aluno_216,Escola_Zona_Leste,3802
aluno_217,Escola_Zona_Leste,2361
aluno_217,Escola_Getulio_Vargas,728
aluno_216,Escola_Castro_Alves,4939
aluno_217,Escola_Menno_Fiege,1698
aluno_218,Escola_Menno_Fiege,716
aluno_218,Escola_Zona_Norte,1703
aluno_217,Escola_Industrial,1736
aluno_218,Escola_Central_B,565
aluno_218,Escola_Passo_Pedras,2582
aluno_218,Escola_Morgado_Rosa,2750
aluno_217,Escola_Castro_Alves,4467
aluno_218,Escola_Castro_Alves,3164
aluno_218,Escola_Zona_Leste,1645
aluno_218,Escola_Central_A,1098
aluno_219,Escola_Menno_Fiege,1168
aluno_219,Escola_Central_B,1409
aluno_219,Escola_Central_A,1934
aluno_219,Escola_Zona_Norte,697
aluno_218,Escola_Industrial,1727
aluno_219,Escola_Morgado_Rosa,3921
aluno_218,Escola_Getulio_Vargas,1262
aluno_219,Escola_Castro_Alves,1795
aluno_219,Escola_Getulio_Vargas,2697
aluno_219,Escola_Industrial,2606
aluno_220,Escola_Central_A,2950
aluno_219,Escola_Passo_Pedras,3429
aluno_220,Escola_Central_B,2417
aluno_219,Escola_Zona_Leste,2222
aluno_220,Escola_Industrial,3469
aluno_220,Escola_Morgado_Rosa,3983
aluno_220,Escola_Getulio_Vargas,2494
aluno_221,Escola_Central_A,1814
aluno_220,Escola_Zona_Norte,2683
aluno_220,Escola_Zona_Leste,660
aluno_220,Escola_Menno_Fiege,1568
aluno_220,Escola_Passo_Pedras,4321
aluno_221,Escola_Menno_Fiege,3556
aluno_221,Escola_Morgado_Rosa,3184
aluno_220,Escola_Castro_Alves,4154
aluno_221,Escola_Passo_Pedras,285
aluno_221,Escola_Zona_Norte,3082
aluno_221,Escola_Getulio_Vargas,2778
aluno_221,Escola_Industrial,2069
aluno_222,Escola_Central_A,1525
aluno_222,Escola_Passo_Pedras,1593
aluno_221,Escola_Central_B,2329
aluno_222,Escola_Zona_Norte,1908
aluno_222,Escola_Menno_Fiege,2510
aluno_221,Escola_Castro_Alves,3199
aluno_222,Escola_Central_B,1869
aluno_222,Escola_Getulio_Vargas,3203
aluno_221,Escola_Zona_Leste,4398
aluno_223,Escola_Menno_Fiege,2929
aluno_222,Escola_Zona_Leste,3802
aluno_222,Escola_Castro_Alves,1706
aluno_223,Escola_Central_A,1165
aluno_223,Escola_Central_B,1707
aluno_222,Escola_Industrial,2797
aluno_223,Escola_Industrial,2370
aluno_223,Escola_Zona_Leste,3782
aluno_223,Escola_Morgado_Rosa,3744
aluno_223,Escola_Castro_Alves,2330
aluno_223,Escola_Passo_Pedras,863
aluno_224,Escola_Central_A,1143
aluno_223,Escola_Getulio_Vargas,2770
aluno_223,Escola_Zona_Norte,2341
aluno_224,Escola_Morgado_Rosa,2745
aluno_224,Escola_Menno_Fiege,775
aluno_224,Escola_Central_B,727
aluno_224,Escola_Zona_Norte,1933
aluno_224,Escola_Passo_Pedras,2626
aluno_222,Escola_Morgado_Rosa,4171
aluno_224,Escola_Zona_Leste,1640
aluno_224,Escola_Getulio_Vargas,1256
aluno_225,Escola_Passo_Pedras,3385
aluno_225,Escola_Morgado_Rosa,3046
aluno_225,Escola_Menno_Fiege,1054
aluno_224,Escola_Castro_Alves,3404
aluno_225,Escola_Central_A,2020
aluno_225,Escola_Zona_Leste,731
aluno_224,Escola_Industrial,1771
aluno_225,Escola_Zona_Norte,2173
aluno_225,Escola_Central_B,1487
aluno_226,Escola_Central_A,2829
aluno_225,Escola_Industrial,2533
aluno_225,Escola_Castro_Alves,3645
aluno_226,Escola_Central_B,3103
aluno_226,Escola_Castro_Alves,397
aluno_226,Escola_Zona_Norte,1598
aluno_226,Escola_Industrial,4230
aluno_225,Escola_Getulio_Vargas,1558
aluno_226,Escola_Morgado_Rosa,5592
aluno_227,Escola_Central_B,2718
aluno_226,Escola_Zona_Leste,4070
aluno_226,Escola_Passo_Pedras,2930
aluno_227,Escola_Menno_Fiege,3941
aluno_227,Escola_Zona_Norte,3485
aluno_226,Escola_Getulio_Vargas,4508
aluno_226,Escola_Menno_Fiege,3016
aluno_227,Escola_Morgado_Rosa,2740
aluno_228,Escola_Central_A,2510
aluno_227,Escola_Industrial,1747
aluno_227,Escola_Castro_Alves,4803
aluno_228,Escola_Central_B,1977
aluno_228,Escola_Zona_Norte,2060
aluno_227,Escola_Getulio_Vargas,2762
aluno_227,Escola_Zona_Leste,4789
aluno_227,Escola_Central_A,2200
aluno_228,Escola_Zona_Leste,636
aluno_227,Escola_Passo_Pedras,2573
aluno_228,Escola_Industrial,3031
aluno_228,Escola_Morgado_Rosa,3545
aluno_228,Escola_Castro_Alves,3484
aluno_228,Escola_Menno_Fiege,945
aluno_228,Escola_Passo_Pedras,3883
aluno_228,Escola_Getulio_Vargas,2056
aluno_229,Escola_Central_B,2231
aluno_229,Escola_Passo_Pedras,1063
aluno_229,Escola_Menno_Fiege,3334
aluno_229,Escola_Central_A,1888
aluno_229,Escola_Zona_Leste,4336
aluno_230,Escola_Central_A,1795
aluno_229,Escola_Zona_Norte,2732
aluno_229,Escola_Castro_Alves,2368
aluno_229,Escola_Getulio_Vargas,3436
aluno_229,Escola_Morgado_Rosa,4327
aluno_230,Escola_Passo_Pedras,3148
aluno_229,Escola_Industrial,2953
aluno_230,Escola_Zona_Leste,2086
aluno_230,Escola_Industrial,1876
aluno_230,Escola_Morgado_Rosa,2201
aluno_230,Escola_Getulio_Vargas,868
aluno_230,Escola_Castro_Alves,4192
aluno_230,Escola_Central_B,1517
aluno_231,Escola_Central_A,2141
aluno_230,Escola_Menno_Fiege,1422
aluno_231,Escola_Menno_Fiege,3883
aluno_231,Escola_Zona_Norte,3409
aluno_230,Escola_Zona_Norte,2720
aluno_231,Escola_Industrial,2747
aluno_231,Escola_Castro_Alves,3010
aluno_231,Escola_Central_B,2656
aluno_232,Escola_Central_B,1661
aluno_231,Escola_Morgado_Rosa,3862
aluno_231,Escola_Passo_Pedras,611
aluno_231,Escola_Getulio_Vargas,3311
aluno_231,Escola_Zona_Leste,4725
aluno_232,Escola_Central_A,1916
aluno_232,Escola_Zona_Norte,3213
aluno_232,Escola_Menno_Fiege,2216
aluno_232,Escola_Morgado_Rosa,1044
aluno_232,Escola_Industrial,904
aluno_233,Escola_Central_A,1155
aluno_232,Escola_Passo_Pedras,2737
aluno_233,Escola_Passo_Pedras,376
aluno_232,Escola_Getulio_Vargas,592
aluno_233,Escola_Zona_Norte,2422
aluno_233,Escola_Central_B,1670
aluno_232,Escola_Zona_Leste,2879
aluno_232,Escola_Castro_Alves,4625
aluno_233,Escola_Menno_Fiege,2896
aluno_233,Escola_Morgado_Rosa,3216
aluno_233,Escola_Castro_Alves,2627
aluno_233,Escola_Getulio_Vargas,2325
aluno_234,Escola_Zona_Norte,2448
aluno_234,Escola_Central_B,1695
aluno_233,Escola_Industrial,1843
aluno_234,Escola_Central_A,1180
aluno_233,Escola_Zona_Leste,3739
aluno_234,Escola_Morgado_Rosa,3068
aluno_234,Escola_Passo_Pedras,529
aluno_234,Escola_Industrial,1700
aluno_234,Escola_Menno_Fiege,2921
aluno_234,Escola_Zona_Leste,3764
aluno_235,Escola_Central_B,2440
aluno_235,Escola_Zona_Norte,3198
aluno_235,Escola_Passo_Pedras,624
aluno_234,Escola_Castro_Alves,2732
aluno_235,Escola_Menno_Fiege,3666
aluno_234,Escola_Getulio_Vargas,2176
aluno_235,Escola_Central_A,1920
aluno_235,Escola_Industrial,1775
aluno_235,Escola_Getulio_Vargas,2484
aluno_235,Escola_Morgado_Rosa,3003
aluno_235,Escola_Castro_Alves,3538
aluno_236,Escola_Central_A,1997
aluno_236,Escola_Passo_Pedras,3494
aluno_236,Escola_Zona_Norte,765
aluno_235,Escola_Zona_Leste,4509
aluno_236,Escola_Menno_Fiege,2183
aluno_237,Escola_Central_A,1053
aluno_236,Escola_Castro_Alves,1005
aluno_237,Escola_Menno_Fiege,1179
aluno_236,Escola_Central_B,2271
aluno_236,Escola_Morgado_Rosa,4759
aluno_236,Escola_Zona_Leste,3237
aluno_237,Escola_Zona_Norte,310
aluno_236,Escola_Getulio_Vargas,3676
aluno_236,Escola_Industrial,3441
aluno_237,Escola_Central_B,1288
aluno_237,Escola_Passo_Pedras,2564
aluno_237,Escola_Morgado_Rosa,3801
aluno_237,Escola_Industrial,2486
aluno_238,Escola_Menno_Fiege,1259
aluno_238,Escola_Central_A,2639
aluno_237,Escola_Getulio_Vargas,2670
aluno_237,Escola_Castro_Alves,1724
aluno_237,Escola_Zona_Leste,2233
aluno_238,Escola_Central_B,2106
aluno_238,Escola_Zona_Norte,2374
aluno_238,Escola_Morgado_Rosa,3672
aluno_238,Escola_Getulio_Vargas,2183
aluno_238,Escola_Passo_Pedras,4010
aluno_239,Escola_Zona_Norte,1524
aluno_238,Escola_Zona_Leste,211
aluno_238,Escola_Castro_Alves,3845
aluno_238,Escola_Industrial,3158
aluno_239,Escola_Central_A,774
aluno_239,Escola_Central_B,1049
aluno_239,Escola_Menno_Fiege,2073
aluno_239,Escola_Passo_Pedras,1415
aluno_239,Escola_Zona_Leste,3036
aluno_239,Escola_Castro_Alves,2291
aluno_239,Escola_Morgado_Rosa,3541
aluno_239,Escola_Getulio_Vargas,2504
aluno_240,Escola_Central_A,1941
aluno_240,Escola_Central_B,1663
aluno_240,Escola_Menno_Fiege,1504
aluno_239,Escola_Industrial,2209
aluno_241,Escola_Central_A,2290
aluno_240,Escola_Getulio_Vargas,1180
aluno_240,Escola_Morgado_Rosa,2548
aluno_240,Escola_Zona_Leste,2167
aluno_240,Escola_Passo_Pedras,3293
aluno_240,Escola_Zona_Norte,2801
aluno_241,Escola_Central_B,1757
aluno_241,Escola_Menno_Fiege,954
aluno_241,Escola_Zona_Norte,2073
aluno_241,Escola_Passo_Pedras,3663
aluno_240,Escola_Industrial,2188
aluno_240,Escola_Castro_Alves,4273
aluno_242,Escola_Central_A,2135
aluno_241,Escola_Industrial,2810
aluno_241,Escola_Zona_Leste,454
aluno_241,Escola_Morgado_Rosa,3324
aluno_242,Escola_Central_B,1602
aluno_241,Escola_Castro_Alves,3545
aluno_241,Escola_Getulio_Vargas,1836
aluno_242,Escola_Menno_Fiege,757
aluno_242,Escola_Zona_Leste,1818
aluno_242,Escola_Passo_Pedras,3620
aluno_242,Escola_Castro_Alves,2304
aluno_242,Escola_Zona_Norte,1206
aluno_242,Escola_Morgado_Rosa,3858
aluno_242,Escola_Industrial,2765
aluno_243,Escola_Central_B,1813
aluno_243,Escola_Central_A,2091
aluno_243,Escola_Menno_Fiege,1830
aluno_243,Escola_Morgado_Rosa,1955
aluno_243,Escola_Industrial,2093
aluno_243,Escola_Zona_Norte,3128
aluno_243,Escola_Zona_Leste,2493
aluno_242,Escola_Getulio_Vargas,2370
aluno_243,Escola_Passo_Pedras,3412
aluno_244,Escola_Central_A,2513
aluno_244,Escola_Central_B,2787
aluno_244,Escola_Menno_Fiege,2701
aluno_244,Escola_Zona_Norte,1281
aluno_243,Escola_Getulio_Vargas,1085
aluno_244,Escola_Zona_Leste,3755
aluno_243,Escola_Castro_Alves,4599
aluno_245,Escola_Central_B,1158
aluno_245,Escola_Central_A,988
aluno_244,Escola_Industrial,3958
aluno_244,Escola_Morgado_Rosa,5275
aluno_244,Escola_Getulio_Vargas,4192
aluno_244,Escola_Passo_Pedras,3287
aluno_244,Escola_Castro_Alves,369
aluno_245,Escola_Zona_Norte,2285
aluno_245,Escola_Morgado_Rosa,1901
aluno_245,Escola_Passo_Pedras,1753
aluno_245,Escola_Menno_Fiege,2382
aluno_245,Escola_Zona_Leste,3230
aluno_245,Escola_Getulio_Vargas,1202
aluno_246,Escola_Zona_Norte,2365
aluno_246,Escola_Central_A,2019
aluno_245,Escola_Industrial,493
aluno_246,Escola_Morgado_Rosa,4664
aluno_246,Escola_Menno_Fiege,3003
aluno_246,Escola_Passo_Pedras,1991
aluno_246,Escola_Central_B,2362
aluno_245,Escola_Castro_Alves,3698
aluno_246,Escola_Castro_Alves,925
aluno_247,Escola_Central_A,2234
aluno_247,Escola_Zona_Norte,3502
aluno_247,Escola_Passo_Pedras,704
aluno_247,Escola_Menno_Fiege,3976
aluno_246,Escola_Industrial,3290
aluno_246,Escola_Zona_Leste,4295
aluno_247,Escola_Central_B,2749
aluno_247,Escola_Industrial,2565
aluno_247,Escola_Morgado_Rosa,3679
aluno_246,Escola_Getulio_Vargas,3696
aluno_247,Escola_Zona_Leste,4818
aluno_248,Escola_Zona_Norte,2763
aluno_248,Escola_Morgado_Rosa,2286
aluno_247,Escola_Castro_Alves,3549
aluno_248,Escola_Menno_Fiege,1466
aluno_247,Escola_Getulio_Vargas,3274
aluno_248,Escola_Central_A,1836
aluno_248,Escola_Getulio_Vargas,908
aluno_248,Escola_Passo_Pedras,3188
aluno_248,Escola_Zona_Leste,2129
aluno_248,Escola_Industrial,1916
aluno_249,Escola_Central_B,1389
aluno_248,Escola_Central_B,1558
aluno_248,Escola_Castro_Alves,4235
aluno_249,Escola_Passo_Pedras,2334
aluno_249,Escola_Zona_Norte,2867
aluno_249,Escola_Morgado_Rosa,1637
aluno_249,Escola_Castro_Alves,4280
aluno_250,Escola_Menno_Fiege,2983
aluno_250,Escola_Passo_Pedras,941
aluno_250,Escola_Zona_Norte,2509
aluno_250,Escola_Central_B,1756
aluno_249,Escola_Industrial,196
aluno_250,Escola_Morgado_Rosa,2869
aluno_249,Escola_Getulio_Vargas,1310
aluno_249,Escola_Menno_Fiege,2607
aluno_250,Escola_Castro_Alves,2998
aluno_249,Escola_Central_A,1570
aluno_250,Escola_Industrial,1462
aluno_250,Escola_Getulio_Vargas,2067
aluno_250,Escola_Central_A,1241
aluno_249,Escola_Zona_Leste,3455
aluno_251,Escola_Central_A,1613
aluno_251,Escola_Central_B,1896
aluno_251,Escola_Passo_Pedras,2244
aluno_251,Escola_Morgado_Rosa,4380
aluno_251,Escola_Zona_Leste,3097
aluno_251,Escola_Menno_Fiege,2043
aluno_251,Escola_Zona_Norte,1099
aluno_252,Escola_Central_B,1592
aluno_252,Escola_Morgado_Rosa,1584
aluno_251,Escola_Castro_Alves,2513
aluno_250,Escola_Zona_Leste,3825
aluno_252,Escola_Central_A,1376
aluno_251,Escola_Industrial,3063
aluno_252,Escola_Zona_Norte,2673
aluno_251,Escola_Getulio_Vargas,3315
aluno_252,Escola_Menno_Fiege,2810
aluno_252,Escola_Industrial,398
aluno_252,Escola_Passo_Pedras,2128
aluno_253,Escola_Zona_Norte,3339
aluno_252,Escola_Castro_Alves,4086
aluno_253,Escola_Central_A,2071
aluno_252,Escola_Getulio_Vargas,1513
aluno_252,Escola_Zona_Leste,3657
aluno_253,Escola_Passo_Pedras,542
aluno_253,Escola_Central_B,2586
aluno_253,Escola_Morgado_Rosa,3495
aluno_253,Escola_Menno_Fiege,3813
aluno_254,Escola_Passo_Pedras,3369
aluno_253,Escola_Castro_Alves,3456
aluno_254,Escola_Menno_Fiege,1118
aluno_254,Escola_Central_A,2016
aluno_254,Escola_Morgado_Rosa,3031
aluno_254,Escola_Central_B,1494
aluno_253,Escola_Industrial,2381
aluno_253,Escola_Zona_Leste,4655
aluno_253,Escola_Getulio_Vargas,3090
aluno_255,Escola_Menno_Fiege,1698
aluno_254,Escola_Zona_Leste,840
aluno_255,Escola_Central_B,470
aluno_255,Escola_Zona_Norte,1625
aluno_254,Escola_Castro_Alves,3724
aluno_255,Escola_Passo_Pedras,1598
aluno_255,Escola_Industrial,1134
aluno_255,Escola_Central_A,328
aluno_254,Escola_Industrial,2517
aluno_254,Escola_Zona_Norte,2253
aluno_255,Escola_Zona_Leste,2546
aluno_254,Escola_Getulio_Vargas,1542
aluno_255,Escola_Getulio_Vargas,1534
aluno_256,Escola_Passo_Pedras,2462
aluno_255,Escola_Morgado_Rosa,2450
aluno_256,Escola_Castro_Alves,518
aluno_256,Escola_Central_B,2833
aluno_255,Escola_Castro_Alves,3037
aluno_256,Escola_Central_A,2490
aluno_256,Escola_Zona_Norte,1958
aluno_256,Escola_Menno_Fiege,3376
aluno_256,Escola_Morgado_Rosa,5135
aluno_257,Escola_Zona_Norte,2212
aluno_256,Escola_Getulio_Vargas,4167
aluno_257,Escola_Central_A,2714
aluno_256,Escola_Industrial,3762
aluno_257,Escola_Zona_Leste,1020
aluno_257,Escola_Central_B,2181
aluno_257,Escola_Menno_Fiege,1131
aluno_258,Escola_Central_B,2053
aluno_258,Escola_Central_A,1763
aluno_257,Escola_Morgado_Rosa,3797
aluno_257,Escola_Getulio_Vargas,2309
aluno_258,Escola_Morgado_Rosa,1522
aluno_257,Escola_Industrial,3284
aluno_256,Escola_Zona_Leste,4430
aluno_258,Escola_Menno_Fiege,3272
aluno_258,Escola_Zona_Leste,4119
aluno_257,Escola_Castro_Alves,3309
aluno_258,Escola_Passo_Pedras,2183
aluno_257,Escola_Passo_Pedras,4136
aluno_258,Escola_Industrial,856
aluno_258,Escola_Getulio_Vargas,1975
aluno_258,Escola_Castro_Alves,4413
aluno_258,Escola_Zona_Norte,3048
aluno_259,Escola_Morgado_Rosa,2338
aluno_259,Escola_Zona_Norte,2857
aluno_259,Escola_Central_B,1718
aluno_259,Escola_Central_A,1996
aluno_259,Escola_Zona_Leste,2222
aluno_259,Escola_Menno_Fiege,1559
aluno_259,Escola_Passo_Pedras,3349
aluno_259,Escola_Industrial,2078
aluno_260,Escola_Menno_Fiege,2642
aluno_260,Escola_Zona_Norte,3597
aluno_259,Escola_Getulio_Vargas,1070
aluno_260,Escola_Industrial,1292
aluno_259,Escola_Castro_Alves,4328
aluno_260,Escola_Morgado_Rosa,753
aluno_260,Escola_Getulio_Vargas,1047
aluno_260,Escola_Central_A,2300
aluno_260,Escola_Passo_Pedras,3121
aluno_261,Escola_Central_A,933
aluno_261,Escola_Menno_Fiege,1153
aluno_261,Escola_Central_B,1008
aluno_260,Escola_Central_B,2045
aluno_260,Escola_Zona_Leste,3305
aluno_261,Escola_Zona_Norte,591
aluno_260,Escola_Castro_Alves,5010
aluno_261,Escola_Morgado_Rosa,3520
aluno_261,Escola_Zona_Leste,2340
aluno_261,Escola_Industrial,2205
aluno_262,Escola_Central_B,1819
aluno_261,Escola_Getulio_Vargas,2409
aluno_262,Escola_Passo_Pedras,3119
aluno_261,Escola_Passo_Pedras,2428
aluno_262,Escola_Central_A,1606
aluno_261,Escola_Castro_Alves,2004
aluno_262,Escola_Morgado_Rosa,4331
aluno_262,Escola_Zona_Norte,321
aluno_262,Escola_Menno_Fiege,1644
aluno_263,Escola_Central_A,1763
aluno_262,Escola_Industrial,3016
aluno_262,Escola_Castro_Alves,1258
aluno_262,Escola_Getulio_Vargas,3137
aluno_263,Escola_Passo_Pedras,2928
aluno_262,Escola_Zona_Leste,2698
aluno_263,Escola_Central_B,1485
aluno_263,Escola_Morgado_Rosa,1636
aluno_263,Escola_Menno_Fiege,1614
aluno_263,Escola_Zona_Norte,2911
aluno_263,Escola_Industrial,1546
aluno_264,Escola_Central_A,2528
aluno_263,Escola_Zona_Leste,2277
aluno_263,Escola_Getulio_Vargas,450
aluno_264,Escola_Passo_Pedras,3349
aluno_264,Escola_Menno_Fiege,2697
aluno_264,Escola_Zona_Norte,3825
aluno_264,Escola_Morgado_Rosa,1094
aluno_264,Escola_Zona_Leste,3360
aluno_264,Escola_Industrial,1519
aluno_265,Escola_Passo_Pedras,3324
aluno_264,Escola_Getulio_Vargas,1103
aluno_265,Escola_Zona_Norte,594
aluno_264,Escola_Central_B,2273
aluno_263,Escola_Castro_Alves,4383
aluno_265,Escola_Menno_Fiege,2012
aluno_265,Escola_Central_A,1826
aluno_265,Escola_Industrial,3271
aluno_264,Escola_Castro_Alves,5238
aluno_265,Escola_Getulio_Vargas,3505
aluno_265,Escola_Morgado_Rosa,4588
aluno_265,Escola_Central_B,2100
aluno_266,Escola_Central_A,930
aluno_265,Escola_Zona_Leste,3067
aluno_266,Escola_Zona_Leste,1832
aluno_265,Escola_Castro_Alves,891
aluno_266,Escola_Morgado_Rosa,2309
aluno_266,Escola_Central_B,652
aluno_266,Escola_Menno_Fiege,1169
aluno_266,Escola_Zona_Norte,2193
aluno_266,Escola_Industrial,1431
aluno_267,Escola_Central_A,2652
aluno_266,Escola_Getulio_Vargas,821
aluno_267,Escola_Central_B,3167
aluno_266,Escola_Passo_Pedras,2283
aluno_267,Escola_Zona_Norte,3920
aluno_266,Escola_Castro_Alves,3619
aluno_267,Escola_Industrial,3012
aluno_267,Escola_Menno_Fiege,4394
aluno_267,Escola_Passo_Pedras,1122
aluno_268,Escola_Central_A,1466
aluno_267,Escola_Getulio_Vargas,3721
aluno_268,Escola_Central_B,933
aluno_267,Escola_Morgado_Rosa,4127
aluno_267,Escola_Castro_Alves,3853
aluno_267,Escola_Zona_Leste,5236
aluno_268,Escola_Passo_Pedras,2961
aluno_268,Escola_Zona_Norte,730
aluno_268,Escola_Menno_Fiege,747
aluno_268,Escola_Getulio_Vargas,2239
aluno_268,Escola_Industrial,2126
aluno_269,Escola_Passo_Pedras,1239
aluno_269,Escola_Central_A,2059
aluno_268,Escola_Castro_Alves,2155
aluno_269,Escola_Central_B,2578
aluno_268,Escola_Morgado_Rosa,3442
aluno_269,Escola_Morgado_Rosa,3033
aluno_269,Escola_Castro_Alves,4154
aluno_268,Escola_Zona_Leste,1802
aluno_270,Escola_Central_A,649
aluno_270,Escola_Central_B,229
aluno_269,Escola_Zona_Leste,4647
aluno_269,Escola_Zona_Norte,3336
aluno_269,Escola_Menno_Fiege,3804
aluno_270,Escola_Menno_Fiege,1149
aluno_269,Escola_Getulio_Vargas,2622
aluno_270,Escola_Zona_Norte,1697
aluno_270,Escola_Passo_Pedras,2147
aluno_270,Escola_Zona_Leste,2100
aluno_270,Escola_Morgado_Rosa,2607
aluno_270,Escola_Getulio_Vargas,1353
aluno_269,Escola_Industrial,1913
aluno_270,Escola_Industrial,1292
aluno_270,Escola_Castro_Alves,3136
aluno_271,Escola_Central_B,1353
aluno_271,Escola_Central_A,1608
aluno_271,Escola_Morgado_Rosa,1289
aluno_271,Escola_Menno_Fiege,2497
aluno_271,Escola_Passo_Pedras,2429
aluno_271,Escola_Zona_Leste,3160
aluno_271,Escola_Zona_Norte,2905
aluno_271,Escola_Industrial,366
aluno_271,Escola_Castro_Alves,4317
aluno_271,Escola_Getulio_Vargas,873
aluno_273,Escola_Central_B,1968
aluno_272,Escola_Central_B,2239
aluno_272,Escola_Menno_Fiege,2151
aluno_272,Escola_Castro_Alves,973
aluno_272,Escola_Central_A,1965
aluno_272,Escola_Zona_Norte,733
aluno_272,Escola_Morgado_Rosa,4727
aluno_273,Escola_Menno_Fiege,2348
aluno_273,Escola_Central_A,2223
aluno_272,Escola_Passo_Pedras,3463
aluno_273,Escola_Morgado_Rosa,825
aluno_272,Escola_Industrial,3409
aluno_272,Escola_Getulio_Vargas,3644
aluno_273,Escola_Industrial,1214
aluno_273,Escola_Getulio_Vargas,754
aluno_273,Escola_Castro_Alves,4933
aluno_272,Escola_Zona_Leste,3205
aluno_273,Escola_Zona_Norte,3520
aluno_274,Escola_Central_A,1586
aluno_274,Escola_Zona_Norte,2864
aluno_273,Escola_Passo_Pedras,3044
aluno_274,Escola_Central_B,2105
aluno_274,Escola_Menno_Fiege,3332
aluno_273,Escola_Zona_Leste,3011
aluno_274,Escola_Castro_Alves,3976
aluno_274,Escola_Industrial,1201
aluno_274,Escola_Zona_Leste,4174
aluno_274,Escola_Passo_Pedras,1274
aluno_275,Escola_Morgado_Rosa,1639
aluno_275,Escola_Central_A,2149
aluno_274,Escola_Getulio_Vargas,2149
aluno_275,Escola_Central_B,1871
aluno_274,Escola_Morgado_Rosa,2194
aluno_275,Escola_Passo_Pedras,3313
aluno_275,Escola_Zona_Norte,3257
aluno_275,Escola_Menno_Fiege,1959
aluno_275,Escola_Getulio_Vargas,835
aluno_276,Escola_Central_B,2371
aluno_275,Escola_Zona_Leste,2622
aluno_275,Escola_Industrial,1850
aluno_275,Escola_Castro_Alves,4728
aluno_276,Escola_Central_A,2649
aluno_276,Escola_Menno_Fiege,2523
aluno_276,Escola_Zona_Norte,3820
aluno_276,Escola_Industrial,1655
aluno_276,Escola_Zona_Leste,3186
aluno_276,Escola_Castro_Alves,5292
aluno_277,Escola_Zona_Norte,3473
aluno_276,Escola_Passo_Pedras,3485
aluno_276,Escola_Morgado_Rosa,1266
aluno_277,Escola_Passo_Pedras,676
aluno_277,Escola_Menno_Fiege,3947
aluno_277,Escola_Central_B,2721
aluno_276,Escola_Getulio_Vargas,928
aluno_277,Escola_Zona_Leste,4790
aluno_277,Escola_Castro_Alves,3591
aluno_277,Escola_Getulio_Vargas,3224
aluno_277,Escola_Central_A,2206
aluno_278,Escola_Central_B,1656
aluno_278,Escola_Zona_Norte,2414
aluno_277,Escola_Morgado_Rosa,3630
aluno_278,Escola_Central_A,1137
aluno_278,Escola_Morgado_Rosa,2215
aluno_277,Escola_Industrial,2515
aluno_278,Escola_Menno_Fiege,2883
aluno_278,Escola_Industrial,991
aluno_278,Escola_Passo_Pedras,1487
aluno_278,Escola_Zona_Leste,3725
aluno_278,Escola_Getulio_Vargas,1700
aluno_279,Escola_Passo_Pedras,2099
aluno_279,Escola_Zona_Norte,720
aluno_279,Escola_Central_A,578
aluno_279,Escola_Central_B,860
aluno_279,Escola_Zona_Leste,2515
aluno_279,Escola_Morgado_Rosa,3345
aluno_278,Escola_Castro_Alves,3484
aluno_279,Escola_Menno_Fiege,1293
aluno_279,Escola_Getulio_Vargas,2296
aluno_280,Escola_Central_A,2556
aluno_279,Escola_Castro_Alves,2133
aluno_280,Escola_Menno_Fiege,972
aluno_280,Escola_Zona_Norte,1892
aluno_280,Escola_Central_B,2023
aluno_279,Escola_Industrial,2027
aluno_280,Escola_Passo_Pedras,3975
aluno_280,Escola_Morgado_Rosa,3636
aluno_280,Escola_Castro_Alves,2990
aluno_280,Escola_Industrial,3122
aluno_281,Escola_Central_A,2115
aluno_280,Escola_Getulio_Vargas,2148
aluno_280,Escola_Zona_Leste,1122
aluno_281,Escola_Menno_Fiege,2301
aluno_281,Escola_Zona_Norte,883
aluno_281,Escola_Central_B,2389
aluno_281,Escola_Passo_Pedras,3612
aluno_281,Escola_Morgado_Rosa,4877
aluno_281,Escola_Castro_Alves,990
aluno_281,Escola_Getulio_Vargas,3794
aluno_281,Escola_Industrial,3559
aluno_282,Escola_Central_A,2890
aluno_281,Escola_Zona_Leste,3355
aluno_282,Escola_Castro_Alves,458
aluno_282,Escola_Zona_Norte,1658
aluno_282,Escola_Industrial,4169
aluno_282,Escola_Zona_Leste,4131
aluno_282,Escola_Passo_Pedras,2869
aluno_282,Escola_Central_B,3164
aluno_282,Escola_Getulio_Vargas,4569
aluno_282,Escola_Menno_Fiege,3077
aluno_283,Escola_Central_B,2084
aluno_283,Escola_Zona_Norte,2149
aluno_283,Escola_Morgado_Rosa,3700
aluno_283,Escola_Central_A,2617
aluno_283,Escola_Industrial,3187
aluno_282,Escola_Morgado_Rosa,5542
aluno_283,Escola_Zona_Leste,923
aluno_284,Escola_Menno_Fiege,1927
aluno_283,Escola_Menno_Fiege,1034
aluno_283,Escola_Castro_Alves,3389
aluno_283,Escola_Getulio_Vargas,2212
aluno_283,Escola_Passo_Pedras,4039
aluno_284,Escola_Zona_Norte,983
aluno_284,Escola_Central_B,1780
aluno_284,Escola_Central_A,1498
aluno_285,Escola_Menno_Fiege,1606
aluno_284,Escola_Industrial,2947
aluno_284,Escola_Getulio_Vargas,3199
aluno_284,Escola_Zona_Leste,2982
aluno_284,Escola_Morgado_Rosa,4264
aluno_285,Escola_Zona_Norte,2903
aluno_285,Escola_Central_B,1454
aluno_284,Escola_Passo_Pedras,2128
aluno_284,Escola_Castro_Alves,2397
aluno_285,Escola_Central_A,1726
aluno_285,Escola_Passo_Pedras,2547
aluno_285,Escola_Getulio_Vargas,186
aluno_285,Escola_Industrial,1196
aluno_285,Escola_Morgado_Rosa,1667
aluno_285,Escola_Zona_Leste,2269
aluno_286,Escola_Central_B,895
aluno_285,Escola_Castro_Alves,4375
aluno_286,Escola_Zona_Norte,1620
aluno_286,Escola_Central_A,354
aluno_286,Escola_Morgado_Rosa,2989
aluno_286,Escola_Menno_Fiege,2117
aluno_286,Escola_Passo_Pedras,1177
aluno_286,Escola_Zona_Leste,2983
aluno_286,Escola_Industrial,1672
aluno_287,Escola_Central_A,2439
aluno_286,Escola_Getulio_Vargas,1971
aluno_286,Escola_Castro_Alves,2656
aluno_287,Escola_Passo_Pedras,910
aluno_287,Escola_Morgado_Rosa,3726
aluno_287,Escola_Zona_Norte,3707
aluno_287,Escola_Menno_Fiege,4181
aluno_287,Escola_Central_B,2954
aluno_287,Escola_Zona_Leste,5023
aluno_288,Escola_Menno_Fiege,2353
aluno_287,Escola_Castro_Alves,3824
aluno_288,Escola_Central_B,3403
aluno_287,Escola_Industrial,2605
aluno_287,Escola_Getulio_Vargas,3314
aluno_288,Escola_Zona_Norte,3228
aluno_288,Escola_Central_A,3936
aluno_288,Escola_Getulio_Vargas,3116
aluno_288,Escola_Industrial,4098
aluno_288,Escola_Passo_Pedras,5420
aluno_288,Escola_Zona_Leste,2889
aluno_288,Escola_Morgado_Rosa,3765
aluno_289,Escola_Menno_Fiege,1115
aluno_289,Escola_Zona_Norte,381
aluno_289,Escola_Central_A,1143
aluno_288,Escola_Castro_Alves,4326
aluno_289,Escola_Central_B,1218
aluno_289,Escola_Passo_Pedras,2638
aluno_289,Escola_Zona_Leste,2170
aluno_289,Escola_Morgado_Rosa,3730
aluno_289,Escola_Industrial,2415
aluno_290,Escola_Zona_Norte,2001
aluno_290,Escola_Menno_Fiege,1786
aluno_290,Escola_Morgado_Rosa,2073
aluno_289,Escola_Castro_Alves,1833
aluno_290,Escola_Zona_Leste,2633
aluno_290,Escola_Passo_Pedras,1557
aluno_289,Escola_Getulio_Vargas,2606
aluno_290,Escola_Central_A,704
aluno_290,Escola_Industrial,757
aluno_290,Escola_Getulio_Vargas,1181
aluno_290,Escola_Central_B,563
aluno_291,Escola_Central_A,1303
aluno_291,Escola_Passo_Pedras,1141
aluno_291,Escola_Zona_Norte,2564
aluno_291,Escola_Industrial,1356
aluno_290,Escola_Castro_Alves,3413
aluno_291,Escola_Menno_Fiege,3045
aluno_291,Escola_Morgado_Rosa,2763
aluno_292,Escola_Zona_Norte,2076
aluno_291,Escola_Getulio_Vargas,2065
aluno_291,Escola_Central_B,1819
aluno_291,Escola_Zona_Leste,3888
aluno_291,Escola_Castro_Alves,3142
aluno_292,Escola_Menno_Fiege,896
aluno_292,Escola_Central_A,1794
aluno_292,Escola_Getulio_Vargas,1320
aluno_292,Escola_Industrial,2294
aluno_292,Escola_Passo_Pedras,3146
aluno_292,Escola_Morgado_Rosa,2808
aluno_292,Escola_Central_B,1271
aluno_293,Escola_Menno_Fiege,1284
aluno_293,Escola_Central_A,2666
aluno_292,Escola_Zona_Leste,1011
aluno_293,Escola_Morgado_Rosa,3698
aluno_292,Escola_Castro_Alves,3547
aluno_293,Escola_Getulio_Vargas,2210
aluno_293,Escola_Industrial,3185
aluno_293,Escola_Zona_Norte,2399
aluno_293,Escola_Passo_Pedras,4037
aluno_294,Escola_Central_B,1188
aluno_294,Escola_Menno_Fiege,1050
aluno_293,Escola_Central_B,2133
aluno_294,Escola_Zona_Norte,2348
aluno_294,Escola_Passo_Pedras,2818
aluno_293,Escola_Castro_Alves,3870
aluno_294,Escola_Industrial,1878
aluno_293,Escola_Zona_Leste,418
aluno_294,Escola_Central_A,1466
aluno_295,Escola_Central_B,1082
aluno_294,Escola_Getulio_Vargas,883
aluno_294,Escola_Zona_Leste,1713
aluno_294,Escola_Morgado_Rosa,2325
aluno_295,Escola_Central_A,1605
aluno_295,Escola_Menno_Fiege,740
aluno_294,Escola_Castro_Alves,3819
aluno_295,Escola_Zona_Norte,2038
aluno_295,Escola_Morgado_Rosa,2619
aluno_296,Escola_Central_A,884
aluno_295,Escola_Zona_Leste,1345
aluno_295,Escola_Passo_Pedras,2957
aluno_296,Escola_Central_B,1158
aluno_295,Escola_Industrial,2105
aluno_295,Escola_Getulio_Vargas,1131
aluno_296,Escola_Passo_Pedras,2380
aluno_295,Escola_Castro_Alves,3509
aluno_296,Escola_Morgado_Rosa,3646
aluno_297,Escola_Zona_Norte,3075
aluno_296,Escola_Zona_Leste,2421
aluno_296,Escola_Menno_Fiege,1314
aluno_297,Escola_Central_B,3251
aluno_296,Escola_Castro_Alves,1831
aluno_296,Escola_Zona_Norte,417
aluno_296,Escola_Getulio_Vargas,2571
aluno_296,Escola_Industrial,2329
aluno_297,Escola_Central_A,3784
aluno_297,Escola_Menno_Fiege,2200
aluno_298,Escola_Central_A,1073
aluno_297,Escola_Zona_Leste,2736
aluno_297,Escola_Passo_Pedras,5268
aluno_298,Escola_Central_B,1356
aluno_297,Escola_Industrial,4251
aluno_298,Escola_Menno_Fiege,1508
aluno_298,Escola_Passo_Pedras,2158
aluno_298,Escola_Zona_Norte,639
aluno_297,Escola_Getulio_Vargas,3268
aluno_297,Escola_Morgado_Rosa,3918
aluno_298,Escola_Castro_Alves,2053
aluno_299,Escola_Zona_Norte,4300
aluno_298,Escola_Morgado_Rosa,3840
aluno_297,Escola_Castro_Alves,4173
aluno_299,Escola_Central_B,2749
aluno_298,Escola_Zona_Leste,2638
aluno_299,Escola_Passo_Pedras,3703
aluno_298,Escola_Industrial,2523
aluno_298,Escola_Getulio_Vargas,2765
aluno_299,Escola_Morgado_Rosa,243
aluno_299,Escola_Industrial,1757
aluno_300,Escola_Central_A,1932
aluno_299,Escola_Menno_Fiege,3348
aluno_299,Escola_Zona_Leste,4011
aluno_299,Escola_Central_A,3003
aluno_299,Escola_Castro_Alves,5713
aluno_300,Escola_Menno_Fiege,2443
aluno_299,Escola_Getulio_Vargas,1754
aluno_300,Escola_Passo_Pedras,2753
aluno_300,Escola_Morgado_Rosa,1080
aluno_300,Escola_Industrial,680
aluno_300,Escola_Zona_Leste,3106
aluno_300,Escola_Zona_Norte,3229
aluno_300,Escola_Castro_Alves,4641
aluno_300,Escola_Central_B,1677
aluno_300,Escola_Getulio_Vargas,819
aluno_301,Escola_Morgado_Rosa,229
aluno_301,Escola_Central_B,2419
aluno_301,Escola_Central_A,2673
aluno_301,Escola_Zona_Norte,3970
aluno_301,Escola_Passo_Pedras,3245
aluno_301,Escola_Industrial,1299
aluno_301,Escola_Getulio_Vargas,1696
aluno_302,Escola_Central_A,1492
aluno_301,Escola_Menno_Fiege,3291
aluno_302,Escola_Central_B,1244
aluno_302,Escola_Zona_Norte,353
aluno_301,Escola_Zona_Leste,3954
aluno_302,Escola_Castro_Alves,1834
aluno_302,Escola_Passo_Pedras,2987
aluno_301,Escola_Castro_Alves,5383
aluno_302,Escola_Industrial,2441
aluno_302,Escola_Morgado_Rosa,3756
aluno_303,Escola_Central_A,2112
aluno_302,Escola_Zona_Leste,2131
aluno_303,Escola_Morgado_Rosa,3248
aluno_302,Escola_Getulio_Vargas,2570
aluno_303,Escola_Industrial,2133
aluno_302,Escola_Menno_Fiege,1077
aluno_303,Escola_Zona_Norte,3380
aluno_303,Escola_Menno_Fiege,3853
aluno_303,Escola_Central_B,2627
aluno_303,Escola_Getulio_Vargas,2842
aluno_304,Escola_Central_A,1567
aluno_303,Escola_Passo_Pedras,582
aluno_304,Escola_Central_B,1044
aluno_304,Escola_Zona_Norte,2000
aluno_303,Escola_Castro_Alves,3497
aluno_304,Escola_Menno_Fiege,703
aluno_303,Escola_Zona_Leste,4696
aluno_304,Escola_Zona_Leste,1307
aluno_304,Escola_Passo_Pedras,2920
aluno_305,Escola_Central_A,1455
aluno_304,Escola_Industrial,2068
aluno_304,Escola_Morgado_Rosa,2581
aluno_305,Escola_Central_B,1970
aluno_304,Escola_Castro_Alves,3472
aluno_305,Escola_Zona_Norte,2688
aluno_304,Escola_Getulio_Vargas,1093
aluno_305,Escola_Castro_Alves,2531
aluno_305,Escola_Menno_Fiege,3196
aluno_305,Escola_Zona_Leste,4039
aluno_305,Escola_Passo_Pedras,474
aluno_306,Escola_Passo_Pedras,2095
aluno_305,Escola_Morgado_Rosa,3739
aluno_305,Escola_Industrial,2365
aluno_306,Escola_Central_B,1755
aluno_306,Escola_Zona_Norte,2837
aluno_306,Escola_Morgado_Rosa,1684
aluno_306,Escola_Industrial,562
aluno_305,Escola_Getulio_Vargas,2847
aluno_306,Escola_Central_A,1540
aluno_306,Escola_Castro_Alves,4249
aluno_307,Escola_Menno_Fiege,2885
aluno_306,Escola_Menno_Fiege,2973
aluno_306,Escola_Getulio_Vargas,1676
aluno_307,Escola_Zona_Norte,3244
aluno_307,Escola_Passo_Pedras,2541
aluno_306,Escola_Zona_Leste,3821
aluno_307,Escola_Getulio_Vargas,1261
aluno_307,Escola_Morgado_Rosa,1075
aluno_307,Escola_Zona_Leste,3548
aluno_307,Escola_Industrial,509
aluno_308,Escola_Central_A,1668
aluno_307,Escola_Castro_Alves,4657
aluno_307,Escola_Central_A,1947
aluno_308,Escola_Menno_Fiege,3208
aluno_307,Escola_Central_B,1706
aluno_308,Escola_Zona_Norte,2606
aluno_308,Escola_Getulio_Vargas,3194
aluno_308,Escola_Industrial,2712
aluno_308,Escola_Central_B,2105
aluno_308,Escola_Zona_Leste,4210
aluno_308,Escola_Passo_Pedras,821
aluno_308,Escola_Morgado_Rosa,4086
aluno_308,Escola_Castro_Alves,2293
aluno_309,Escola_Central_A,1681
aluno_309,Escola_Passo_Pedras,2145
aluno_309,Escola_Zona_Norte,2978
aluno_309,Escola_Morgado_Rosa,1446
aluno_309,Escola_Central_B,1621
aluno_309,Escola_Menno_Fiege,2839
aluno_309,Escola_Getulio_Vargas,1542
aluno_309,Escola_Industrial,424
aluno_310,Escola_Central_A,2120
aluno_310,Escola_Central_B,2635
aluno_310,Escola_Menno_Fiege,3862
aluno_309,Escola_Zona_Leste,3687
aluno_310,Escola_Passo_Pedras,591
aluno_310,Escola_Zona_Norte,3388
aluno_310,Escola_Getulio_Vargas,2851
aluno_310,Escola_Morgado_Rosa,3256
aluno_309,Escola_Castro_Alves,4376
aluno_310,Escola_Castro_Alves,3505
aluno_310,Escola_Industrial,2142
aluno_311,Escola_Central_A,1108
aluno_311,Escola_Passo_Pedras,491
aluno_310,Escola_Zona_Leste,4704
aluno_311,Escola_Zona_Norte,2357
aluno_311,Escola_Central_B,1623
aluno_311,Escola_Industrial,2018
aluno_311,Escola_Morgado_Rosa,3392
aluno_311,Escola_Menno_Fiege,2850
aluno_312,Escola_Menno_Fiege,1676
aluno_312,Escola_Central_B,1548
aluno_311,Escola_Castro_Alves,2521
aluno_311,Escola_Getulio_Vargas,2500
aluno_313,Escola_Central_A,2495
aluno_311,Escola_Zona_Leste,3692
aluno_312,Escola_Zona_Norte,2974
aluno_312,Escola_Industrial,1315
aluno_312,Escola_Central_A,1826
aluno_312,Escola_Morgado_Rosa,1523
aluno_312,Escola_Getulio_Vargas,265
aluno_312,Escola_Passo_Pedras,2957
aluno_312,Escola_Castro_Alves,4445
aluno_313,Escola_Central_B,1963
aluno_313,Escola_Zona_Norte,1781
aluno_312,Escola_Zona_Leste,2339
aluno_313,Escola_Castro_Alves,2879
aluno_314,Escola_Central_A,2379
aluno_313,Escola_Getulio_Vargas,2090
aluno_313,Escola_Menno_Fiege,912
aluno_313,Escola_Industrial,3065
aluno_313,Escola_Morgado_Rosa,3579
aluno_313,Escola_Zona_Leste,1268
aluno_314,Escola_Zona_Norte,1147
aluno_314,Escola_Zona_Leste,3622
aluno_313,Escola_Passo_Pedras,3917
aluno_314,Escola_Menno_Fiege,2567
aluno_315,Escola_Menno_Fiege,2702
aluno_314,Escola_Industrial,3824
aluno_314,Escola_Central_B,2653
aluno_314,Escola_Castro_Alves,432
aluno_314,Escola_Passo_Pedras,3350
aluno_314,Escola_Morgado_Rosa,5142
aluno_315,Escola_Central_B,2790
aluno_314,Escola_Getulio_Vargas,4058
aluno_315,Escola_Central_A,2516
aluno_315,Escola_Zona_Leste,3756
aluno_315,Escola_Passo_Pedras,3168
aluno_315,Escola_Zona_Norte,1284
aluno_315,Escola_Morgado_Rosa,5278
aluno_315,Escola_Industrial,3960
aluno_315,Escola_Castro_Alves,399
aluno_316,Escola_Central_A,1769
aluno_316,Escola_Zona_Norte,1570
aluno_316,Escola_Morgado_Rosa,2984
aluno_316,Escola_Menno_Fiege,215
aluno_316,Escola_Central_B,1246
aluno_316,Escola_Zona_Leste,1278
aluno_316,Escola_Passo_Pedras,3254
aluno_315,Escola_Getulio_Vargas,4195
aluno_316,Escola_Castro_Alves,3042
aluno_317,Escola_Central_B,240
aluno_316,Escola_Getulio_Vargas,1496
aluno_316,Escola_Industrial,2399
aluno_317,Escola_Central_A,789
aluno_317,Escola_Industrial,1431
aluno_317,Escola_Passo_Pedras,2281
aluno_317,Escola_Zona_Norte,1467
aluno_317,Escola_Morgado_Rosa,2746
aluno_317,Escola_Menno_Fiege,1020
aluno_318,Escola_Menno_Fiege,771
aluno_317,Escola_Getulio_Vargas,1583
aluno_318,Escola_Morgado_Rosa,2913
aluno_318,Escola_Zona_Norte,1890
aluno_318,Escola_Central_B,1347
aluno_318,Escola_Passo_Pedras,3252
aluno_319,Escola_Central_A,1166
aluno_317,Escola_Zona_Leste,1970
aluno_318,Escola_Industrial,2399
aluno_318,Escola_Central_A,1880
aluno_318,Escola_Getulio_Vargas,1425
aluno_318,Escola_Castro_Alves,3362
aluno_317,Escola_Castro_Alves,2881
aluno_319,Escola_Central_B,1379
aluno_318,Escola_Zona_Leste,863
aluno_319,Escola_Menno_Fiege,2603
aluno_319,Escola_Passo_Pedras,1930
aluno_319,Escola_Zona_Norte,2463
aluno_320,Escola_Zona_Norte,992
aluno_319,Escola_Industrial,572
aluno_319,Escola_Morgado_Rosa,1838
aluno_319,Escola_Getulio_Vargas,1423
aluno_320,Escola_Central_A,1436
aluno_320,Escola_Central_B,893
aluno_320,Escola_Menno_Fiege,674
aluno_319,Escola_Zona_Leste,3450
aluno_320,Escola_Zona_Leste,1847
aluno_320,Escola_Passo_Pedras,2930
aluno_320,Escola_Industrial,2085
aluno_319,Escola_Castro_Alves,3876
aluno_320,Escola_Getulio_Vargas,1931
aluno_320,Escola_Morgado_Rosa,3401
aluno_321,Escola_Central_A,2003
aluno_321,Escola_Passo_Pedras,2679
aluno_321,Escola_Central_B,1748
aluno_321,Escola_Zona_Norte,3300
aluno_321,Escola_Menno_Fiege,2838
aluno_320,Escola_Castro_Alves,2463
aluno_321,Escola_Morgado_Rosa,894
aluno_322,Escola_Central_A,2308
aluno_321,Escola_Industrial,647
aluno_321,Escola_Castro_Alves,4712
aluno_322,Escola_Central_B,1775
aluno_322,Escola_Menno_Fiege,765
aluno_322,Escola_Zona_Leste,607
aluno_321,Escola_Zona_Leste,3501
aluno_322,Escola_Industrial,2821
aluno_323,Escola_Zona_Norte,1276
aluno_321,Escola_Getulio_Vargas,1214
aluno_322,Escola_Zona_Norte,1880
aluno_322,Escola_Getulio_Vargas,1846
aluno_322,Escola_Morgado_Rosa,3334
aluno_322,Escola_Castro_Alves,3351
aluno_323,Escola_Central_B,1531
aluno_323,Escola_Central_A,2063
aluno_323,Escola_Morgado_Rosa,3786
aluno_323,Escola_Zona_Leste,1739
aluno_323,Escola_Menno_Fiege,685
aluno_323,Escola_Industrial,2693
aluno_324,Escola_Central_B,1849
aluno_323,Escola_Getulio_Vargas,2298
aluno_323,Escola_Passo_Pedras,3548
aluno_322,Escola_Passo_Pedras,3673
aluno_324,Escola_Morgado_Rosa,1717
aluno_324,Escola_Passo_Pedras,1751
aluno_323,Escola_Castro_Alves,2373
aluno_324,Escola_Central_A,1331
aluno_324,Escola_Zona_Norte,2616
aluno_324,Escola_Menno_Fiege,3073
aluno_324,Escola_Industrial,725
aluno_324,Escola_Castro_Alves,3981
aluno_325,Escola_Menno_Fiege,2604
aluno_324,Escola_Zona_Leste,3921
aluno_325,Escola_Zona_Norte,1184
aluno_324,Escola_Getulio_Vargas,1843
aluno_325,Escola_Passo_Pedras,3258
aluno_325,Escola_Zona_Leste,3659
aluno_325,Escola_Central_A,2416
aluno_325,Escola_Central_B,2690
aluno_325,Escola_Industrial,3861
aluno_325,Escola_Morgado_Rosa,5179
aluno_326,Escola_Central_B,1426
aluno_326,Escola_Zona_Leste,2394
aluno_326,Escola_Menno_Fiege,1339
aluno_325,Escola_Castro_Alves,341
aluno_325,Escola_Getulio_Vargas,4095
aluno_326,Escola_Zona_Norte,149
aluno_326,Escola_Passo_Pedras,2650
aluno_326,Escola_Getulio_Vargas,2825
aluno_326,Escola_Central_A,1152
aluno_327,Escola_Central_A,2143
aluno_326,Escola_Industrial,2597
aluno_326,Escola_Castro_Alves,1630
aluno_327,Escola_Industrial,751
aluno_327,Escola_Morgado_Rosa,1211
aluno_327,Escola_Central_B,1948
aluno_326,Escola_Morgado_Rosa,3915
aluno_327,Escola_Getulio_Vargas,1746
aluno_327,Escola_Passo_Pedras,2563
aluno_328,Escola_Central_A,1159
aluno_327,Escola_Zona_Norte,3428
aluno_328,Escola_Central_B,743
aluno_327,Escola_Zona_Leste,4014
aluno_327,Escola_Menno_Fiege,3166
aluno_328,Escola_Zona_Norte,1949
aluno_328,Escola_Menno_Fiege,791
aluno_328,Escola_Morgado_Rosa,2729
aluno_328,Escola_Passo_Pedras,2642
aluno_328,Escola_Industrial,1787
aluno_327,Escola_Castro_Alves,4794
aluno_329,Escola_Central_A,1663
aluno_328,Escola_Zona_Leste,1624
aluno_328,Escola_Getulio_Vargas,1241
aluno_329,Escola_Zona_Norte,2947
aluno_329,Escola_Menno_Fiege,3404
aluno_328,Escola_Castro_Alves,3420
aluno_330,Escola_Central_A,2464
aluno_329,Escola_Morgado_Rosa,2203
aluno_329,Escola_Central_B,2181
aluno_329,Escola_Passo_Pedras,2035
aluno_329,Escola_Zona_Leste,4252
aluno_329,Escola_Industrial,1210
aluno_330,Escola_Central_B,2186
aluno_329,Escola_Getulio_Vargas,2224
aluno_329,Escola_Castro_Alves,4266
aluno_330,Escola_Zona_Norte,3643
aluno_330,Escola_Menno_Fiege,2345
aluno_330,Escola_Morgado_Rosa,1322
aluno_330,Escola_Castro_Alves,5114
aluno_330,Escola_Getulio_Vargas,881
aluno_331,Escola_Central_A,2160
aluno_330,Escola_Passo_Pedras,3541
aluno_330,Escola_Industrial,1711
aluno_331,Escola_Central_B,2674
aluno_331,Escola_Passo_Pedras,630
aluno_332,Escola_Central_A,1234
aluno_330,Escola_Zona_Leste,3008
aluno_331,Escola_Morgado_Rosa,3584
aluno_331,Escola_Zona_Norte,3427
aluno_331,Escola_Zona_Leste,4744
aluno_331,Escola_Getulio_Vargas,3178
aluno_332,Escola_Menno_Fiege,1422
aluno_331,Escola_Menno_Fiege,3901
aluno_331,Escola_Industrial,2469
aluno_331,Escola_Castro_Alves,3545
aluno_332,Escola_Passo_Pedras,2732
aluno_332,Escola_Central_B,1508
aluno_332,Escola_Industrial,2679
aluno_332,Escola_Zona_Norte,233
aluno_332,Escola_Getulio_Vargas,2913
aluno_332,Escola_Zona_Leste,2477
aluno_332,Escola_Morgado_Rosa,3997
aluno_333,Escola_Central_B,766
aluno_333,Escola_Passo_Pedras,1885
aluno_333,Escola_Zona_Leste,2832
aluno_334,Escola_Central_A,3297
aluno_332,Escola_Castro_Alves,1480
aluno_333,Escola_Central_A,1020
aluno_333,Escola_Morgado_Rosa,1907
aluno_333,Escola_Zona_Norte,2318
aluno_333,Escola_Industrial,608
aluno_333,Escola_Menno_Fiege,1984
aluno_334,Escola_Morgado_Rosa,4404
aluno_333,Escola_Castro_Alves,3730
aluno_334,Escola_Passo_Pedras,4781
aluno_333,Escola_Getulio_Vargas,1015
aluno_334,Escola_Central_B,2765
aluno_334,Escola_Menno_Fiege,1714
aluno_334,Escola_Industrial,3926
aluno_334,Escola_Zona_Norte,2589
aluno_334,Escola_Zona_Leste,2250
aluno_335,Escola_Central_B,1355
aluno_334,Escola_Castro_Alves,3687
aluno_335,Escola_Central_A,1191
aluno_334,Escola_Getulio_Vargas,2964
aluno_335,Escola_Zona_Norte,2488
aluno_335,Escola_Getulio_Vargas,1398
aluno_335,Escola_Passo_Pedras,1955
aluno_336,Escola_Central_B,2598
aluno_335,Escola_Morgado_Rosa,1862
aluno_335,Escola_Menno_Fiege,2578
aluno_336,Escola_Central_A,2083
aluno_335,Escola_Industrial,596
aluno_336,Escola_Menno_Fiege,3825
aluno_335,Escola_Zona_Leste,3426
aluno_335,Escola_Castro_Alves,3900
aluno_336,Escola_Morgado_Rosa,3787
aluno_336,Escola_Castro_Alves,2945
aluno_337,Escola_Central_B,1391
aluno_336,Escola_Passo_Pedras,553
aluno_336,Escola_Zona_Leste,4667
aluno_336,Escola_Zona_Norte,3351
aluno_336,Escola_Industrial,2673
aluno_337,Escola_Central_A,1062
aluno_337,Escola_Zona_Norte,1595
aluno_336,Escola_Getulio_Vargas,3253
aluno_337,Escola_Passo_Pedras,1386
aluno_337,Escola_Morgado_Rosa,3804
aluno_337,Escola_Castro_Alves,2005
aluno_338,Escola_Central_B,3266
aluno_337,Escola_Industrial,2460
aluno_337,Escola_Getulio_Vargas,2784
aluno_338,Escola_Menno_Fiege,2215
aluno_337,Escola_Menno_Fiege,2198
aluno_338,Escola_Central_A,3799
aluno_338,Escola_Industrial,4236
aluno_338,Escola_Passo_Pedras,5283
aluno_337,Escola_Zona_Leste,3271
aluno_339,Escola_Central_A,516
aluno_338,Escola_Morgado_Rosa,3903
aluno_339,Escola_Menno_Fiege,1289
aluno_339,Escola_Central_B,30
aluno_338,Escola_Getulio_Vargas,3253
aluno_339,Escola_Zona_Norte,1603
aluno_338,Escola_Zona_Norte,3090
aluno_338,Escola_Zona_Leste,2751
aluno_338,Escola_Castro_Alves,4188
aluno_339,Escola_Morgado_Rosa,2483
aluno_340,Escola_Central_B,1367
aluno_339,Escola_Industrial,1168
aluno_339,Escola_Getulio_Vargas,1443
aluno_339,Escola_Passo_Pedras,2014
aluno_339,Escola_Zona_Leste,2240
aluno_340,Escola_Menno_Fiege,2593
aluno_340,Escola_Morgado_Rosa,3059
aluno_340,Escola_Passo_Pedras,686
aluno_340,Escola_Central_A,852
aluno_339,Escola_Castro_Alves,3017
aluno_340,Escola_Industrial,1685
aluno_340,Escola_Zona_Norte,2119
aluno_341,Escola_Menno_Fiege,2371
aluno_340,Escola_Zona_Leste,3436
aluno_341,Escola_Central_A,2412
aluno_340,Escola_Castro_Alves,2596
aluno_341,Escola_Zona_Norte,3668
aluno_341,Escola_Central_B,2157
aluno_341,Escola_Passo_Pedras,3233
aluno_340,Escola_Getulio_Vargas,2167
aluno_342,Escola_Central_B,1569
aluno_341,Escola_Zona_Leste,3034
aluno_341,Escola_Industrial,1403
aluno_342,Escola_Central_A,1226
aluno_341,Escola_Castro_Alves,5121
aluno_342,Escola_Passo_Pedras,1212
aluno_341,Escola_Getulio_Vargas,776
aluno_342,Escola_Zona_Norte,1820
aluno_341,Escola_Morgado_Rosa,1014
aluno_342,Escola_Menno_Fiege,2422
aluno_343,Escola_Menno_Fiege,1860
aluno_343,Escola_Central_B,634
aluno_342,Escola_Morgado_Rosa,3871
aluno_342,Escola_Zona_Leste,3499
aluno_342,Escola_Industrial,2498
aluno_343,Escola_Zona_Norte,1558
aluno_343,Escola_Castro_Alves,2971
aluno_343,Escola_Morgado_Rosa,2511
aluno_342,Escola_Getulio_Vargas,2903
aluno_344,Escola_Central_A,1568
aluno_343,Escola_Central_A,261
aluno_343,Escola_Zona_Leste,2714
aluno_343,Escola_Passo_Pedras,1478
aluno_344,Escola_Central_B,2086
aluno_344,Escola_Zona_Norte,2853
aluno_344,Escola_Morgado_Rosa,2109
aluno_344,Escola_Passo_Pedras,1941
aluno_343,Escola_Industrial,1195
aluno_344,Escola_Menno_Fiege,3310
aluno_342,Escola_Castro_Alves,1809
aluno_344,Escola_Industrial,1116
aluno_343,Escola_Getulio_Vargas,1619
aluno_344,Escola_Zona_Leste,4158
aluno_344,Escola_Getulio_Vargas,2130
aluno_344,Escola_Castro_Alves,4172
aluno_345,Escola_Morgado_Rosa,1395
aluno_345,Escola_Central_B,1248
aluno_345,Escola_Zona_Norte,2800
aluno_345,Escola_Castro_Alves,4212
aluno_345,Escola_Getulio_Vargas,768
aluno_345,Escola_Industrial,471
aluno_345,Escola_Menno_Fiege,2392
aluno_346,Escola_Passo_Pedras,2668
aluno_346,Escola_Morgado_Rosa,1151
aluno_345,Escola_Central_A,1502
aluno_346,Escola_Getulio_Vargas,957
aluno_346,Escola_Industrial,539
aluno_347,Escola_Central_A,2078
aluno_345,Escola_Passo_Pedras,2324
aluno_346,Escola_Central_B,1592
aluno_346,Escola_Central_A,1847
aluno_346,Escola_Castro_Alves,4557
aluno_347,Escola_Zona_Norte,3345
aluno_346,Escola_Zona_Leste,3244
aluno_347,Escola_Central_B,2592
aluno_347,Escola_Menno_Fiege,3819
aluno_346,Escola_Zona_Norte,3144
aluno_345,Escola_Zona_Leste,3055
aluno_347,Escola_Getulio_Vargas,3137
aluno_348,Escola_Central_A,2464
aluno_348,Escola_Menno_Fiege,786
aluno_347,Escola_Passo_Pedras,548
aluno_347,Escola_Morgado_Rosa,3542
aluno_348,Escola_Zona_Norte,1615
aluno_347,Escola_Industrial,2427
aluno_346,Escola_Menno_Fiege,2581
aluno_347,Escola_Zona_Leste,4662
aluno_348,Escola_Zona_Leste,1615
aluno_348,Escola_Castro_Alves,2713
aluno_348,Escola_Industrial,3093
aluno_349,Escola_Central_A,1718
aluno_349,Escola_Menno_Fiege,2222
aluno_349,Escola_Passo_Pedras,2539
aluno_348,Escola_Passo_Pedras,3948
aluno_349,Escola_Getulio_Vargas,598
aluno_349,Escola_Central_B,1463
aluno_347,Escola_Castro_Alves,3433
aluno_348,Escola_Getulio_Vargas,2191
aluno_349,Escola_Industrial,799
aluno_349,Escola_Zona_Norte,3015
aluno_348,Escola_Central_B,1941
aluno_350,Escola_Zona_Norte,2250
aluno_350,Escola_Central_B,2211
aluno_350,Escola_Menno_Fiege,2853
aluno_348,Escola_Morgado_Rosa,3679
aluno_349,Escola_Zona_Leste,2885
aluno_349,Escola_Morgado_Rosa,1129
aluno_349,Escola_Castro_Alves,4427
aluno_350,Escola_Central_A,1868
aluno_350,Escola_Passo_Pedras,1840
aluno_351,Escola_Passo_Pedras,1253
aluno_350,Escola_Morgado_Rosa,4513
aluno_351,Escola_Zona_Norte,2092
aluno_350,Escola_Castro_Alves,1075
aluno_350,Escola_Industrial,3140
aluno_351,Escola_Central_A,1621
aluno_350,Escola_Zona_Leste,4145
aluno_351,Escola_Menno_Fiege,2695
aluno_351,Escola_Zona_Leste,3898
aluno_352,Escola_Central_A,1922
aluno_351,Escola_Castro_Alves,1786
aluno_350,Escola_Getulio_Vargas,3545
aluno_351,Escola_Morgado_Rosa,4266
aluno_352,Escola_Zona_Norte,677
aluno_351,Escola_Central_B,1964
aluno_352,Escola_Central_B,1548
aluno_352,Escola_Menno_Fiege,1373
aluno_352,Escola_Industrial,2745
aluno_351,Escola_Getulio_Vargas,3298
aluno_352,Escola_Passo_Pedras,3417
aluno_351,Escola_Industrial,2893
aluno_352,Escola_Getulio_Vargas,2866
aluno_352,Escola_Castro_Alves,1631
aluno_353,Escola_Central_B,637
aluno_352,Escola_Morgado_Rosa,4060
aluno_353,Escola_Central_A,915
aluno_353,Escola_Zona_Norte,2178
aluno_352,Escola_Zona_Leste,2427
aluno_353,Escola_Getulio_Vargas,967
aluno_353,Escola_Menno_Fiege,1315
aluno_353,Escola_Passo_Pedras,2268
aluno_353,Escola_Morgado_Rosa,2455
aluno_354,Escola_Zona_Norte,1948
aluno_353,Escola_Zona_Leste,1978
aluno_353,Escola_Industrial,1416
aluno_354,Escola_Central_A,801
aluno_354,Escola_Central_B,1226
aluno_354,Escola_Passo_Pedras,1058
aluno_354,Escola_Industrial,2007
aluno_354,Escola_Morgado_Rosa,3381
aluno_353,Escola_Castro_Alves,3605
aluno_354,Escola_Castro_Alves,2208
aluno_354,Escola_Getulio_Vargas,2413
aluno_354,Escola_Menno_Fiege,2463
aluno_354,Escola_Zona_Leste,3424
aluno_355,Escola_Central_B,2893
aluno_355,Escola_Menno_Fiege,1842
aluno_355,Escola_Central_A,3425
aluno_355,Escola_Morgado_Rosa,4580
aluno_355,Escola_Passo_Pedras,4909
aluno_355,Escola_Zona_Norte,2717
aluno_355,Escola_Industrial,4054
aluno_356,Escola_Zona_Norte,1730
aluno_355,Escola_Zona_Leste,2378
aluno_356,Escola_Central_A,2810
aluno_355,Escola_Castro_Alves,3815
aluno_355,Escola_Getulio_Vargas,3091
aluno_356,Escola_Castro_Alves,290
aluno_356,Escola_Passo_Pedras,2782
aluno_357,Escola_Central_B,2414
aluno_356,Escola_Zona_Leste,4202
aluno_356,Escola_Getulio_Vargas,4487
aluno_357,Escola_Menno_Fiege,3641
aluno_357,Escola_Zona_Norte,3172
aluno_356,Escola_Central_B,3153
aluno_356,Escola_Morgado_Rosa,5455
aluno_357,Escola_Central_A,1895
aluno_357,Escola_Passo_Pedras,647
aluno_357,Escola_Morgado_Rosa,3031
aluno_356,Escola_Industrial,4081
aluno_356,Escola_Menno_Fiege,3148
aluno_357,Escola_Industrial,1749
aluno_358,Escola_Central_B,2473
aluno_357,Escola_Getulio_Vargas,2458
aluno_358,Escola_Passo_Pedras,3299
aluno_357,Escola_Castro_Alves,3562
aluno_358,Escola_Zona_Norte,4025
aluno_358,Escola_Central_A,2728
aluno_358,Escola_Menno_Fiege,3241
aluno_357,Escola_Zona_Leste,4483
aluno_358,Escola_Zona_Leste,3905
aluno_358,Escola_Industrial,1353
aluno_358,Escola_Morgado_Rosa,166
aluno_358,Escola_Castro_Alves,5438
aluno_359,Escola_Central_A,1477
aluno_358,Escola_Getulio_Vargas,1647
aluno_359,Escola_Zona_Norte,2774
aluno_359,Escola_Passo_Pedras,2249
aluno_359,Escola_Central_B,1225
aluno_360,Escola_Passo_Pedras,1972
aluno_359,Escola_Getulio_Vargas,1147
aluno_359,Escola_Menno_Fiege,2443
aluno_360,Escola_Central_A,1599
aluno_360,Escola_Morgado_Rosa,2139
aluno_360,Escola_Industrial,1147
aluno_359,Escola_Morgado_Rosa,1695
aluno_360,Escola_Menno_Fiege,3341
aluno_359,Escola_Castro_Alves,4187
aluno_361,Escola_Central_A,1191
aluno_360,Escola_Zona_Norte,2884
aluno_359,Escola_Industrial,174
aluno_359,Escola_Zona_Leste,3291
aluno_360,Escola_Central_B,2117
aluno_361,Escola_Central_B,913
aluno_361,Escola_Menno_Fiege,1072
aluno_360,Escola_Getulio_Vargas,2161
aluno_361,Escola_Passo_Pedras,2544
aluno_361,Escola_Zona_Leste,1735
aluno_361,Escola_Zona_Norte,2370
aluno_360,Escola_Castro_Alves,4203
aluno_361,Escola_Morgado_Rosa,2053
aluno_361,Escola_Castro_Alves,3841
aluno_360,Escola_Zona_Leste,4189
aluno_361,Escola_Industrial,1559
aluno_361,Escola_Getulio_Vargas,565
aluno_362,Escola_Central_A,734
aluno_362,Escola_Menno_Fiege,1537
aluno_362,Escola_Passo_Pedras,1819
aluno_362,Escola_Central_B,1016
aluno_362,Escola_Zona_Norte,978
aluno_363,Escola_Central_B,1636
aluno_363,Escola_Industrial,440
aluno_362,Escola_Zona_Leste,2664
aluno_363,Escola_Passo_Pedras,2196
aluno_362,Escola_Industrial,2183
aluno_363,Escola_Central_A,1731
aluno_362,Escola_Morgado_Rosa,3501
aluno_362,Escola_Castro_Alves,2392
aluno_363,Escola_Menno_Fiege,2855
aluno_363,Escola_Zona_Norte,3028
aluno_363,Escola_Getulio_Vargas,1558
aluno_364,Escola_Passo_Pedras,2381
aluno_363,Escola_Morgado_Rosa,1413
aluno_363,Escola_Zona_Leste,3702
aluno_364,Escola_Zona_Norte,2857
aluno_364,Escola_Central_B,1305
aluno_364,Escola_Central_A,1560
aluno_363,Escola_Castro_Alves,4426
aluno_362,Escola_Getulio_Vargas,2446
aluno_364,Escola_Industrial,714
aluno_365,Escola_Central_B,1798
aluno_364,Escola_Morgado_Rosa,1287
aluno_364,Escola_Menno_Fiege,2064
aluno_365,Escola_Zona_Norte,2551
aluno_364,Escola_Castro_Alves,4270
aluno_365,Escola_Menno_Fiege,3024
aluno_364,Escola_Getulio_Vargas,440
aluno_365,Escola_Central_A,1283
aluno_365,Escola_Castro_Alves,2751
aluno_365,Escola_Morgado_Rosa,3175
aluno_365,Escola_Industrial,1806
aluno_366,Escola_Zona_Norte,768
aluno_364,Escola_Zona_Leste,2727
aluno_365,Escola_Getulio_Vargas,2283
aluno_365,Escola_Passo_Pedras,422
aluno_366,Escola_Central_A,924
aluno_366,Escola_Central_B,836
aluno_366,Escola_Menno_Fiege,1045
aluno_365,Escola_Zona_Leste,3867
aluno_366,Escola_Passo_Pedras,2419
aluno_367,Escola_Central_A,1975
aluno_367,Escola_Central_B,1697
aluno_366,Escola_Castro_Alves,2188
aluno_366,Escola_Zona_Leste,2331
aluno_366,Escola_Morgado_Rosa,3349
aluno_367,Escola_Zona_Norte,2836
aluno_366,Escola_Getulio_Vargas,2235
aluno_367,Escola_Getulio_Vargas,1093
aluno_367,Escola_Industrial,2101
aluno_367,Escola_Menno_Fiege,1538
aluno_366,Escola_Industrial,2033
aluno_367,Escola_Zona_Leste,2202
aluno_367,Escola_Morgado_Rosa,2361
aluno_368,Escola_Zona_Norte,1686
aluno_368,Escola_Central_A,407
aluno_368,Escola_Menno_Fiege,2153
aluno_367,Escola_Passo_Pedras,3328
aluno_368,Escola_Central_B,926
aluno_367,Escola_Castro_Alves,4308
aluno_368,Escola_Industrial,1338
aluno_368,Escola_Morgado_Rosa,2665
aluno_368,Escola_Passo_Pedras,1174
aluno_368,Escola_Zona_Leste,2995
aluno_368,Escola_Getulio_Vargas,1773
aluno_369,Escola_Central_B,2317
aluno_369,Escola_Menno_Fiege,2230
aluno_369,Escola_Central_A,2043
aluno_368,Escola_Castro_Alves,2952
aluno_370,Escola_Central_A,3030
aluno_369,Escola_Zona_Leste,3284
aluno_369,Escola_Passo_Pedras,3541
aluno_369,Escola_Zona_Norte,812
aluno_369,Escola_Industrial,3488
aluno_369,Escola_Castro_Alves,986
aluno_369,Escola_Getulio_Vargas,3722
aluno_370,Escola_Passo_Pedras,3728
aluno_370,Escola_Menno_Fiege,3375
aluno_370,Escola_Morgado_Rosa,264
aluno_369,Escola_Morgado_Rosa,4806
aluno_370,Escola_Central_B,2775
aluno_370,Escola_Getulio_Vargas,1780
aluno_370,Escola_Zona_Norte,4327
aluno_370,Escola_Industrial,1782
aluno_371,Escola_Zona_Norte,2007
aluno_370,Escola_Zona_Leste,4038
aluno_371,Escola_Central_B,2182
aluno_371,Escola_Central_A,2715
aluno_371,Escola_Menno_Fiege,1132
aluno_371,Escola_Passo_Pedras,4151
aluno_370,Escola_Castro_Alves,5739
aluno_371,Escola_Industrial,3299
aluno_371,Escola_Morgado_Rosa,3812
aluno_371,Escola_Getulio_Vargas,2324
aluno_372,Escola_Central_A,713
aluno_371,Escola_Zona_Leste,1209
aluno_371,Escola_Castro_Alves,3104
aluno_372,Escola_Zona_Norte,1000
aluno_372,Escola_Central_B,995
aluno_372,Escola_Zona_Leste,2643
aluno_372,Escola_Menno_Fiege,1559
aluno_372,Escola_Passo_Pedras,1797
aluno_373,Escola_Central_B,1633
aluno_372,Escola_Morgado_Rosa,3480
aluno_372,Escola_Industrial,2162
aluno_373,Escola_Zona_Norte,2867
aluno_373,Escola_Central_A,1911
aluno_374,Escola_Central_B,1502
aluno_373,Escola_Menno_Fiege,1569
aluno_373,Escola_Getulio_Vargas,981
aluno_372,Escola_Castro_Alves,2413
aluno_373,Escola_Morgado_Rosa,2250
aluno_373,Escola_Passo_Pedras,3263
aluno_373,Escola_Industrial,1989
aluno_373,Escola_Castro_Alves,4338
aluno_372,Escola_Getulio_Vargas,2424
aluno_374,Escola_Central_A,1780
aluno_374,Escola_Morgado_Rosa,2393
aluno_373,Escola_Zona_Leste,2232
aluno_374,Escola_Passo_Pedras,3132
aluno_374,Escola_Zona_Norte,2640
aluno_374,Escola_Zona_Leste,2006
aluno_374,Escola_Getulio_Vargas,1015
aluno_374,Escola_Menno_Fiege,1343
aluno_375,Escola_Central_B,2529
aluno_375,Escola_Menno_Fiege,3129
aluno_374,Escola_Industrial,2023
aluno_375,Escola_Central_A,2784
aluno_374,Escola_Castro_Alves,4112
aluno_375,Escola_Zona_Norte,4081
aluno_375,Escola_Industrial,1543
aluno_375,Escola_Morgado_Rosa,44
aluno_375,Escola_Passo_Pedras,3488
aluno_375,Escola_Zona_Leste,3792
aluno_376,Escola_Passo_Pedras,776
aluno_376,Escola_Zona_Norte,2533
aluno_376,Escola_Central_B,2032
aluno_376,Escola_Central_A,1599
aluno_375,Escola_Getulio_Vargas,1535
aluno_376,Escola_Menno_Fiege,3135
aluno_375,Escola_Castro_Alves,5494
aluno_376,Escola_Castro_Alves,2221
aluno_376,Escola_Morgado_Rosa,4030
aluno_377,Escola_Central_A,2723
aluno_376,Escola_Industrial,2657
aluno_376,Escola_Zona_Leste,4137
aluno_376,Escola_Getulio_Vargas,3139
aluno_377,Escola_Menno_Fiege,3068
aluno_378,Escola_Central_A,2252
aluno_377,Escola_Passo_Pedras,3428
aluno_377,Escola_Zona_Norte,4020
aluno_377,Escola_Getulio_Vargas,1474
aluno_377,Escola_Industrial,1482
aluno_377,Escola_Castro_Alves,5433
aluno_377,Escola_Central_B,2468
aluno_377,Escola_Morgado_Rosa,45
aluno_377,Escola_Zona_Leste,3731
aluno_378,Escola_Menno_Fiege,2925
aluno_378,Escola_Zona_Norte,3549
aluno_378,Escola_Central_B,1998
aluno_378,Escola_Morgado_Rosa,663
aluno_378,Escola_Passo_Pedras,2824
aluno_378,Escola_Getulio_Vargas,1331
aluno_379,Escola_Central_A,2014
aluno_378,Escola_Industrial,878
aluno_378,Escola_Zona_Leste,3588
aluno_379,Escola_Central_B,1736
aluno_379,Escola_Industrial,2093
aluno_379,Escola_Getulio_Vargas,1085
aluno_379,Escola_Zona_Norte,2971
aluno_379,Escola_Morgado_Rosa,2353
aluno_379,Escola_Menno_Fiege,1673
aluno_378,Escola_Castro_Alves,4962
aluno_379,Escola_Castro_Alves,4442
aluno_379,Escola_Passo_Pedras,3367
aluno_380,Escola_Passo_Pedras,1647
aluno_380,Escola_Zona_Norte,2232
aluno_380,Escola_Central_A,1850
aluno_379,Escola_Zona_Leste,2336
aluno_380,Escola_Morgado_Rosa,4496
aluno_380,Escola_Central_B,2193
aluno_380,Escola_Industrial,3122
aluno_380,Escola_Zona_Leste,4127
aluno_380,Escola_Castro_Alves,1385
aluno_380,Escola_Getulio_Vargas,3527
aluno_380,Escola_Menno_Fiege,2835
aluno_381,Escola_Menno_Fiege,1765
aluno_381,Escola_Central_A,2026
aluno_381,Escola_Passo_Pedras,3347
aluno_381,Escola_Central_B,1748
aluno_381,Escola_Zona_Leste,2428
aluno_381,Escola_Industrial,2027
aluno_382,Escola_Castro_Alves,716
aluno_381,Escola_Castro_Alves,4534
aluno_381,Escola_Morgado_Rosa,1995
aluno_382,Escola_Zona_Norte,2156
aluno_382,Escola_Central_B,2573
aluno_381,Escola_Zona_Norte,3062
aluno_381,Escola_Getulio_Vargas,1019
aluno_382,Escola_Central_A,2230
aluno_382,Escola_Morgado_Rosa,4876
aluno_382,Escola_Menno_Fiege,3215
aluno_383,Escola_Zona_Norte,2999
aluno_382,Escola_Passo_Pedras,2203
aluno_383,Escola_Central_B,1448
aluno_383,Escola_Passo_Pedras,2524
aluno_383,Escola_Central_A,1702
aluno_383,Escola_Menno_Fiege,2206
aluno_382,Escola_Zona_Leste,4507
aluno_383,Escola_Morgado_Rosa,1145
aluno_382,Escola_Getulio_Vargas,3907
aluno_382,Escola_Industrial,3502
aluno_383,Escola_Getulio_Vargas,583
aluno_383,Escola_Industrial,783
aluno_383,Escola_Zona_Leste,2869
aluno_384,Escola_Central_A,2289
aluno_384,Escola_Passo_Pedras,760
aluno_383,Escola_Castro_Alves,4412
aluno_384,Escola_Industrial,2599
aluno_384,Escola_Menno_Fiege,4031
aluno_384,Escola_Morgado_Rosa,3713
aluno_385,Escola_Central_B,587
aluno_384,Escola_Central_B,2804
aluno_384,Escola_Zona_Norte,3557
aluno_385,Escola_Menno_Fiege,1828
aluno_384,Escola_Castro_Alves,3674
aluno_385,Escola_Castro_Alves,2752
aluno_385,Escola_Passo_Pedras,1484
aluno_384,Escola_Getulio_Vargas,3308
aluno_384,Escola_Zona_Leste,4873
aluno_385,Escola_Getulio_Vargas,1709
aluno_385,Escola_Industrial,1408
aluno_385,Escola_Zona_Norte,1339
aluno_385,Escola_Central_A,42
aluno_385,Escola_Zona_Leste,2720
aluno_385,Escola_Morgado_Rosa,2726
aluno_386,Escola_Central_A,2254
aluno_386,Escola_Zona_Norte,3433
aluno_386,Escola_Menno_Fiege,2135
aluno_386,Escola_Morgado_Rosa,1083
aluno_386,Escola_Zona_Leste,2798
aluno_386,Escola_Passo_Pedras,3302
aluno_386,Escola_Central_B,1976
aluno_386,Escola_Industrial,1472
aluno_387,Escola_Zona_Norte,931
aluno_386,Escola_Getulio_Vargas,659
aluno_386,Escola_Castro_Alves,4904
aluno_387,Escola_Central_B,672
aluno_387,Escola_Menno_Fiege,922
aluno_387,Escola_Central_A,937
aluno_387,Escola_Morgado_Rosa,3189
aluno_387,Escola_Castro_Alves,2344
aluno_387,Escola_Passo_Pedras,2432
aluno_388,Escola_Central_B,1922
aluno_388,Escola_Zona_Norte,2581
aluno_388,Escola_Central_A,1406
aluno_387,Escola_Industrial,1873
aluno_387,Escola_Getulio_Vargas,2067
aluno_388,Escola_Industrial,2465
aluno_388,Escola_Morgado_Rosa,3838
aluno_388,Escola_Passo_Pedras,600
aluno_387,Escola_Zona_Leste,2274
aluno_388,Escola_Menno_Fiege,3149
aluno_389,Escola_Central_A,530
aluno_389,Escola_Central_B,916
aluno_389,Escola_Zona_Norte,1828
aluno_388,Escola_Zona_Leste,3991
aluno_388,Escola_Castro_Alves,2340
aluno_388,Escola_Getulio_Vargas,2947
aluno_390,Escola_Zona_Norte,1284
aluno_390,Escola_Central_A,2516
aluno_389,Escola_Menno_Fiege,2142
aluno_389,Escola_Passo_Pedras,1389
aluno_389,Escola_Industrial,920
aluno_390,Escola_Menno_Fiege,2702
aluno_389,Escola_Getulio_Vargas,1355
aluno_389,Escola_Castro_Alves,3240
aluno_389,Escola_Morgado_Rosa,2246
aluno_389,Escola_Zona_Leste,2995
aluno_390,Escola_Central_B,2790
aluno_390,Escola_Morgado_Rosa,5278
aluno_391,Escola_Central_B,1485
aluno_390,Escola_Passo_Pedras,3168
aluno_390,Escola_Industrial,3960
aluno_390,Escola_Castro_Alves,399
aluno_390,Escola_Getulio_Vargas,4195
aluno_391,Escola_Industrial,889
aluno_391,Escola_Morgado_Rosa,1386
aluno_390,Escola_Zona_Leste,3756
aluno_391,Escola_Getulio_Vargas,250
aluno_391,Escola_Central_A,1739
aluno_391,Escola_Castro_Alves,4449
aluno_391,Escola_Menno_Fiege,1874
aluno_391,Escola_Passo_Pedras,2561
aluno_391,Escola_Zona_Norte,3037
aluno_392,Escola_Zona_Norte,2041
aluno_392,Escola_Central_B,1212
aluno_392,Escola_Central_A,748
aluno_391,Escola_Zona_Leste,2537
aluno_392,Escola_Passo_Pedras,1503
aluno_392,Escola_Menno_Fiege,2439
aluno_393,Escola_Menno_Fiege,508
aluno_392,Escola_Zona_Leste,3294
aluno_392,Escola_Morgado_Rosa,2123
aluno_393,Escola_Zona_Norte,1460
aluno_393,Escola_Central_B,1714
aluno_392,Escola_Getulio_Vargas,1424
aluno_393,Escola_Central_A,2237
aluno_392,Escola_Industrial,715
aluno_392,Escola_Castro_Alves,3454
aluno_393,Escola_Passo_Pedras,3721
aluno_393,Escola_Industrial,2866
aluno_393,Escola_Getulio_Vargas,2132
aluno_394,Escola_Central_A,3238
aluno_393,Escola_Zona_Leste,1570
aluno_394,Escola_Central_B,2705
aluno_394,Escola_Menno_Fiege,1654
aluno_394,Escola_Zona_Norte,2529
aluno_393,Escola_Morgado_Rosa,3620
aluno_394,Escola_Industrial,3867
aluno_393,Escola_Castro_Alves,2558
aluno_394,Escola_Zona_Leste,2191
aluno_395,Escola_Central_A,808
aluno_394,Escola_Morgado_Rosa,4392
aluno_394,Escola_Getulio_Vargas,2904
aluno_395,Escola_Zona_Norte,905
aluno_394,Escola_Passo_Pedras,4722
aluno_394,Escola_Castro_Alves,3627
aluno_395,Escola_Passo_Pedras,1893
aluno_395,Escola_Castro_Alves,2318
aluno_395,Escola_Menno_Fiege,1491
aluno_396,Escola_Passo_Pedras,344
aluno_395,Escola_Getulio_Vargas,2519
aluno_396,Escola_Zona_Norte,3142
aluno_395,Escola_Morgado_Rosa,3575
aluno_395,Escola_Zona_Leste,2738
aluno_395,Escola_Central_B,1090
aluno_395,Escola_Industrial,2257
aluno_396,Escola_Central_A,1874
aluno_396,Escola_Menno_Fiege,3616
aluno_396,Escola_Morgado_Rosa,3596
aluno_396,Escola_Castro_Alves,3151
aluno_396,Escola_Central_B,2389
aluno_396,Escola_Zona_Leste,4458
aluno_397,Escola_Zona_Norte,1380
aluno_397,Escola_Central_B,1543
aluno_397,Escola_Central_A,2067
aluno_397,Escola_Menno_Fiege,490
aluno_397,Escola_Zona_Leste,1544
aluno_396,Escola_Industrial,2482
aluno_397,Escola_Morgado_Rosa,3601
aluno_396,Escola_Getulio_Vargas,3044
aluno_397,Escola_Industrial,2695
aluno_397,Escola_Passo_Pedras,3550
aluno_398,Escola_Central_A,1555
aluno_398,Escola_Industrial,1056
aluno_398,Escola_Passo_Pedras,2376
aluno_397,Escola_Castro_Alves,2569
aluno_398,Escola_Zona_Norte,2852
aluno_397,Escola_Getulio_Vargas,2113
aluno_398,Escola_Morgado_Rosa,1884
aluno_398,Escola_Central_B,1300
aluno_398,Escola_Menno_Fiege,1738
aluno_399,Escola_Central_A,1027
aluno_399,Escola_Passo_Pedras,1566
aluno_398,Escola_Zona_Leste,2401
aluno_398,Escola_Getulio_Vargas,497
aluno_399,Escola_Central_B,1546
aluno_398,Escola_Castro_Alves,4264
aluno_399,Escola_Menno_Fiege,2773
aluno_399,Escola_Industrial,881
aluno_400,Escola_Passo_Pedras,2309
aluno_399,Escola_Zona_Norte,2305
aluno_399,Escola_Morgado_Rosa,2243
aluno_400,Escola_Zona_Leste,2479
aluno_400,Escola_Menno_Fiege,1186
aluno_399,Escola_Castro_Alves,3562
aluno_400,Escola_Zona_Norte,545
aluno_399,Escola_Getulio_Vargas,1591
aluno_400,Escola_Central_A,796
aluno_400,Escola_Castro_Alves,1959
aluno_400,Escola_Central_B,1048
aluno_400,Escola_Industrial,2245
aluno_401,Escola_Central_B,3032
aluno_399,Escola_Zona_Leste,3616
aluno_401,Escola_Central_A,2517
aluno_401,Escola_Menno_Fiege,4258
aluno_400,Escola_Getulio_Vargas,2442
aluno_401,Escola_Morgado_Rosa,3968
aluno_401,Escola_Industrial,2853
aluno_402,Escola_Zona_Norte,3800
aluno_400,Escola_Morgado_Rosa,3560
aluno_401,Escola_Zona_Leste,5101
aluno_401,Escola_Passo_Pedras,987
aluno_402,Escola_Menno_Fiege,4274
aluno_401,Escola_Castro_Alves,3719
aluno_402,Escola_Castro_Alves,3917
aluno_402,Escola_Passo_Pedras,1003
aluno_402,Escola_Getulio_Vargas,3163
aluno_402,Escola_Industrial,2454
aluno_401,Escola_Zona_Norte,3784
aluno_403,Escola_Central_A,1560
aluno_403,Escola_Zona_Norte,1942
aluno_401,Escola_Getulio_Vargas,3562
aluno_402,Escola_Central_A,2532
aluno_403,Escola_Central_B,1903
aluno_403,Escola_Passo_Pedras,1515
aluno_402,Escola_Morgado_Rosa,3574
aluno_403,Escola_Menno_Fiege,2544
aluno_402,Escola_Central_B,3047
aluno_403,Escola_Industrial,2831
aluno_403,Escola_Castro_Alves,1499
aluno_403,Escola_Zona_Leste,3836
aluno_402,Escola_Zona_Leste,5116
aluno_404,Escola_Central_A,1525
aluno_403,Escola_Morgado_Rosa,4205
aluno_404,Escola_Passo_Pedras,1593
aluno_403,Escola_Getulio_Vargas,3237
aluno_404,Escola_Central_B,1869
aluno_404,Escola_Zona_Norte,1908
aluno_404,Escola_Morgado_Rosa,4171
aluno_404,Escola_Menno_Fiege,2510
aluno_405,Escola_Menno_Fiege,782
aluno_405,Escola_Central_A,2567
aluno_404,Escola_Industrial,2797
aluno_405,Escola_Passo_Pedras,4051
aluno_405,Escola_Zona_Norte,1552
aluno_404,Escola_Castro_Alves,1706
aluno_404,Escola_Getulio_Vargas,3203
aluno_405,Escola_Central_B,2034
aluno_405,Escola_Zona_Leste,1845
aluno_405,Escola_Getulio_Vargas,2406
aluno_405,Escola_Industrial,3196
aluno_404,Escola_Zona_Leste,3802
aluno_405,Escola_Castro_Alves,2650
aluno_405,Escola_Morgado_Rosa,3894
aluno_406,Escola_Zona_Norte,1306
aluno_406,Escola_Central_B,1786
aluno_406,Escola_Menno_Fiege,700
aluno_406,Escola_Industrial,2948
aluno_406,Escola_Central_A,2318
aluno_406,Escola_Passo_Pedras,3803
aluno_406,Escola_Morgado_Rosa,3812
aluno_406,Escola_Zona_Leste,1756
aluno_406,Escola_Castro_Alves,2404
aluno_407,Escola_Central_B,2595
aluno_407,Escola_Zona_Norte,1089
aluno_407,Escola_Passo_Pedras,3477
aluno_407,Escola_Menno_Fiege,2507
aluno_407,Escola_Morgado_Rosa,5083
aluno_406,Escola_Getulio_Vargas,2324
aluno_407,Escola_Central_A,2321
aluno_407,Escola_Industrial,3765
aluno_408,Escola_Central_A,2733
aluno_407,Escola_Castro_Alves,707
aluno_407,Escola_Zona_Leste,3561
aluno_407,Escola_Getulio_Vargas,4000
aluno_408,Escola_Menno_Fiege,3078
aluno_408,Escola_Central_B,2479
aluno_409,Escola_Zona_Norte,2210
aluno_408,Escola_Getulio_Vargas,1484
aluno_408,Escola_Morgado_Rosa,309
aluno_408,Escola_Passo_Pedras,3445
aluno_408,Escola_Castro_Alves,5443
aluno_408,Escola_Industrial,1500
aluno_408,Escola_Zona_Norte,4030
aluno_408,Escola_Zona_Leste,3741
aluno_409,Escola_Central_B,2181
aluno_409,Escola_Zona_Leste,1020
aluno_410,Escola_Central_A,1353
aluno_409,Escola_Morgado_Rosa,3804
aluno_409,Escola_Menno_Fiege,1131
aluno_409,Escola_Getulio_Vargas,2316
aluno_409,Escola_Central_A,2714
aluno_409,Escola_Castro_Alves,3308
aluno_409,Escola_Industrial,3291
aluno_410,Escola_Central_B,1098
aluno_409,Escola_Passo_Pedras,4143
aluno_410,Escola_Zona_Norte,2650
aluno_410,Escola_Zona_Leste,2789
aluno_410,Escola_Passo_Pedras,2174
aluno_410,Escola_Morgado_Rosa,1501
aluno_410,Escola_Menno_Fiege,2126
aluno_410,Escola_Getulio_Vargas,661
aluno_410,Escola_Industrial,622
aluno_411,Escola_Central_A,2529
aluno_411,Escola_Central_B,1996
aluno_411,Escola_Zona_Norte,1814
aluno_410,Escola_Castro_Alves,4062
aluno_411,Escola_Passo_Pedras,3957
aluno_411,Escola_Getulio_Vargas,2130
aluno_411,Escola_Morgado_Rosa,3619
aluno_411,Escola_Menno_Fiege,945
aluno_411,Escola_Industrial,3105
aluno_411,Escola_Castro_Alves,2912
aluno_411,Escola_Zona_Leste,1189
aluno_412,Escola_Central_B,2543
aluno_412,Escola_Zona_Norte,3296
aluno_412,Escola_Central_A,2028
aluno_412,Escola_Passo_Pedras,498
aluno_412,Escola_Menno_Fiege,3769
aluno_412,Escola_Industrial,1964
aluno_412,Escola_Morgado_Rosa,3246
aluno_413,Escola_Zona_Norte,1415
aluno_412,Escola_Zona_Leste,4612
aluno_412,Escola_Getulio_Vargas,2673
aluno_413,Escola_Central_B,2921
aluno_412,Escola_Castro_Alves,3413
aluno_413,Escola_Industrial,4092
aluno_413,Escola_Passo_Pedras,2943
aluno_413,Escola_Menno_Fiege,2833
aluno_413,Escola_Zona_Leste,3888
aluno_413,Escola_Morgado_Rosa,5410
aluno_414,Escola_Central_B,2020
aluno_414,Escola_Central_A,1504
aluno_414,Escola_Zona_Norte,2678
aluno_413,Escola_Central_A,2647
aluno_413,Escola_Castro_Alves,275
aluno_414,Escola_Passo_Pedras,548
aluno_414,Escola_Industrial,2439
aluno_414,Escola_Menno_Fiege,3247
aluno_414,Escola_Castro_Alves,2368
aluno_413,Escola_Getulio_Vargas,4326
aluno_414,Escola_Morgado_Rosa,3813
aluno_415,Escola_Central_B,2800
aluno_415,Escola_Central_A,3333
aluno_414,Escola_Getulio_Vargas,2921
aluno_414,Escola_Zona_Leste,4089
aluno_415,Escola_Menno_Fiege,1749
aluno_415,Escola_Zona_Norte,2624
aluno_415,Escola_Passo_Pedras,4817
aluno_415,Escola_Morgado_Rosa,4487
aluno_415,Escola_Castro_Alves,3722
aluno_415,Escola_Industrial,3961
aluno_415,Escola_Zona_Leste,2285
aluno_416,Escola_Central_B,1251
aluno_416,Escola_Zona_Norte,1097
aluno_416,Escola_Menno_Fiege,1687
aluno_416,Escola_Zona_Leste,2899
aluno_416,Escola_Getulio_Vargas,2680
aluno_416,Escola_Morgado_Rosa,3736
aluno_416,Escola_Castro_Alves,2405
aluno_415,Escola_Getulio_Vargas,2999
aluno_417,Escola_Central_B,1752
aluno_416,Escola_Central_A,969
aluno_416,Escola_Passo_Pedras,1709
aluno_417,Escola_Menno_Fiege,2842
aluno_417,Escola_Zona_Norte,3304
aluno_417,Escola_Central_A,2007
aluno_417,Escola_Passo_Pedras,2675
aluno_417,Escola_Morgado_Rosa,890
aluno_417,Escola_Getulio_Vargas,1219
aluno_416,Escola_Industrial,2418
aluno_417,Escola_Industrial,643
aluno_417,Escola_Castro_Alves,4717
aluno_418,Escola_Zona_Norte,3324
aluno_418,Escola_Getulio_Vargas,2610
aluno_418,Escola_Industrial,1901
aluno_418,Escola_Passo_Pedras,565
aluno_418,Escola_Menno_Fiege,3793
aluno_417,Escola_Zona_Leste,3505
aluno_418,Escola_Central_A,2047
aluno_418,Escola_Morgado_Rosa,3179
aluno_418,Escola_Central_B,2566
aluno_419,Escola_Central_A,3906
aluno_419,Escola_Central_B,3373
aluno_418,Escola_Castro_Alves,3480
aluno_419,Escola_Zona_Norte,3197
aluno_419,Escola_Morgado_Rosa,3796
aluno_418,Escola_Zona_Leste,4635
aluno_419,Escola_Industrial,4129
aluno_419,Escola_Passo_Pedras,5390
aluno_419,Escola_Zona_Leste,2859
aluno_419,Escola_Getulio_Vargas,3146
aluno_419,Escola_Castro_Alves,4295
aluno_419,Escola_Menno_Fiege,2322
aluno_420,Escola_Central_A,752
aluno_420,Escola_Morgado_Rosa,3339
aluno_420,Escola_Industrial,2024
aluno_420,Escola_Central_B,827
aluno_420,Escola_Zona_Leste,2464
aluno_420,Escola_Castro_Alves,2177
aluno_420,Escola_Menno_Fiege,1111
aluno_420,Escola_Zona_Norte,763
aluno_420,Escola_Passo_Pedras,2247
aluno_421,Escola_Central_A,2669
aluno_421,Escola_Morgado_Rosa,3752
aluno_421,Escola_Zona_Norte,2201
aluno_421,Escola_Menno_Fiege,1086
aluno_420,Escola_Getulio_Vargas,2256
aluno_421,Escola_Zona_Leste,975
aluno_421,Escola_Central_B,2136
aluno_421,Escola_Castro_Alves,3441
aluno_421,Escola_Passo_Pedras,4091
aluno_421,Escola_Industrial,3239
aluno_422,Escola_Passo_Pedras,2772
aluno_422,Escola_Central_B,3143
aluno_421,Escola_Getulio_Vargas,2264
aluno_422,Escola_Central_A,2800
aluno_422,Escola_Zona_Norte,1755
aluno_422,Escola_Menno_Fiege,3174
aluno_422,Escola_Industrial,4072
aluno_422,Escola_Morgado_Rosa,5445
aluno_422,Escola_Castro_Alves,555
aluno_423,Escola_Central_A,1943
aluno_423,Escola_Central_B,1689
aluno_423,Escola_Zona_Norte,3240
aluno_422,Escola_Getulio_Vargas,4477
aluno_423,Escola_Industrial,935
aluno_423,Escola_Menno_Fiege,2434
aluno_424,Escola_Zona_Norte,986
aluno_423,Escola_Morgado_Rosa,825
aluno_423,Escola_Zona_Leste,3097
aluno_423,Escola_Getulio_Vargas,812
aluno_422,Escola_Zona_Leste,4228
aluno_423,Escola_Passo_Pedras,2765
aluno_423,Escola_Castro_Alves,4653
aluno_424,Escola_Central_B,2491
aluno_424,Escola_Castro_Alves,659
aluno_424,Escola_Central_A,2217
aluno_424,Escola_Passo_Pedras,3430
aluno_424,Escola_Zona_Leste,3458
aluno_425,Escola_Central_A,1688
aluno_424,Escola_Industrial,3662
aluno_424,Escola_Getulio_Vargas,3897
aluno_424,Escola_Menno_Fiege,2404
aluno_425,Escola_Central_B,1164
aluno_424,Escola_Morgado_Rosa,4980
aluno_425,Escola_Zona_Norte,1326
aluno_425,Escola_Menno_Fiege,207
aluno_425,Escola_Passo_Pedras,3171
aluno_425,Escola_Morgado_Rosa,3222
aluno_425,Escola_Zona_Leste,1481
aluno_425,Escola_Castro_Alves,2797
aluno_426,Escola_Central_A,2702
aluno_425,Escola_Industrial,2316
aluno_425,Escola_Getulio_Vargas,1734
aluno_426,Escola_Central_B,2169
aluno_426,Escola_Zona_Norte,2443
aluno_426,Escola_Getulio_Vargas,2247
aluno_426,Escola_Castro_Alves,3914
aluno_426,Escola_Menno_Fiege,1324
aluno_426,Escola_Industrial,3221
aluno_427,Escola_Central_A,1098
aluno_427,Escola_Central_B,1380
aluno_427,Escola_Passo_Pedras,2217
aluno_426,Escola_Morgado_Rosa,3735
aluno_427,Escola_Zona_Norte,580
aluno_426,Escola_Passo_Pedras,4073
aluno_426,Escola_Zona_Leste,40
aluno_427,Escola_Menno_Fiege,1524
aluno_427,Escola_Morgado_Rosa,3865
aluno_427,Escola_Zona_Leste,2579
aluno_428,Escola_Passo_Pedras,2939
aluno_427,Escola_Industrial,2547
aluno_427,Escola_Castro_Alves,1994
aluno_429,Escola_Zona_Norte,3223
aluno_428,Escola_Zona_Norte,3665
aluno_428,Escola_Getulio_Vargas,1216
aluno_428,Escola_Menno_Fiege,2810
aluno_428,Escola_Castro_Alves,5077
aluno_429,Escola_Central_B,1672
aluno_428,Escola_Central_B,2113
aluno_429,Escola_Passo_Pedras,2748
aluno_428,Escola_Zona_Leste,3473
aluno_427,Escola_Getulio_Vargas,2796
aluno_428,Escola_Central_A,2368
aluno_429,Escola_Morgado_Rosa,1231
aluno_429,Escola_Industrial,618
aluno_429,Escola_Menno_Fiege,2710
aluno_429,Escola_Central_A,1926
aluno_428,Escola_Morgado_Rosa,547
aluno_428,Escola_Industrial,993
aluno_429,Escola_Castro_Alves,4636
aluno_429,Escola_Getulio_Vargas,1087
aluno_430,Escola_Central_B,1890
aluno_430,Escola_Zona_Norte,370
aluno_430,Escola_Central_A,1616
aluno_430,Escola_Menno_Fiege,1788
aluno_429,Escola_Zona_Leste,3374
aluno_430,Escola_Passo_Pedras,3114
aluno_430,Escola_Industrial,3061
aluno_430,Escola_Getulio_Vargas,3281
aluno_430,Escola_Zona_Leste,2842
aluno_430,Escola_Castro_Alves,1117
aluno_431,Escola_Zona_Norte,1360
aluno_431,Escola_Getulio_Vargas,1585
aluno_432,Escola_Central_B,1565
aluno_431,Escola_Castro_Alves,2831
aluno_431,Escola_Zona_Leste,1659
aluno_430,Escola_Morgado_Rosa,4379
aluno_431,Escola_Industrial,2139
aluno_431,Escola_Passo_Pedras,2994
aluno_431,Escola_Central_B,977
aluno_431,Escola_Menno_Fiege,307
aluno_432,Escola_Central_A,2098
aluno_432,Escola_Zona_Norte,1630
aluno_431,Escola_Central_A,1509
aluno_432,Escola_Menno_Fiege,515
aluno_432,Escola_Passo_Pedras,3582
aluno_432,Escola_Industrial,2727
aluno_432,Escola_Zona_Leste,1052
aluno_432,Escola_Morgado_Rosa,3253
aluno_432,Escola_Getulio_Vargas,1764
aluno_432,Escola_Castro_Alves,3051
aluno_431,Escola_Morgado_Rosa,3073
aluno_433,Escola_Central_B,997
aluno_433,Escola_Industrial,2164
aluno_433,Escola_Menno_Fiege,1671
aluno_433,Escola_Morgado_Rosa,3481
aluno_433,Escola_Central_A,714
aluno_433,Escola_Castro_Alves,2547
aluno_433,Escola_Zona_Norte,1134
aluno_433,Escola_Passo_Pedras,1677
aluno_433,Escola_Zona_Leste,2645
aluno_434,Escola_Castro_Alves,3239
aluno_434,Escola_Menno_Fiege,3595
aluno_434,Escola_Central_A,1854
aluno_434,Escola_Morgado_Rosa,3278
aluno_434,Escola_Zona_Leste,4438
aluno_434,Escola_Zona_Norte,3122
aluno_433,Escola_Getulio_Vargas,2426
aluno_435,Escola_Zona_Norte,2641
aluno_434,Escola_Industrial,2163
aluno_434,Escola_Central_B,2369
aluno_435,Escola_Central_A,1582
aluno_434,Escola_Passo_Pedras,324
aluno_435,Escola_Morgado_Rosa,2030
aluno_435,Escola_Central_B,1304
aluno_434,Escola_Getulio_Vargas,2872
aluno_435,Escola_Industrial,1660
aluno_435,Escola_Passo_Pedras,2934
aluno_435,Escola_Menno_Fiege,1344
aluno_435,Escola_Zona_Leste,2007
aluno_436,Escola_Central_A,1536
aluno_436,Escola_Menno_Fiege,2969
aluno_436,Escola_Central_B,1751
aluno_436,Escola_Passo_Pedras,2099
aluno_435,Escola_Getulio_Vargas,652
aluno_436,Escola_Zona_Norte,2833
aluno_437,Escola_Central_B,1216
aluno_435,Escola_Castro_Alves,4113
aluno_437,Escola_Passo_Pedras,1500
aluno_436,Escola_Castro_Alves,4245
aluno_436,Escola_Morgado_Rosa,1680
aluno_436,Escola_Industrial,558
aluno_437,Escola_Zona_Leste,3297
aluno_437,Escola_Central_A,745
aluno_436,Escola_Getulio_Vargas,1672
aluno_437,Escola_Menno_Fiege,2442
aluno_437,Escola_Zona_Norte,2037
aluno_436,Escola_Zona_Leste,3817
aluno_437,Escola_Industrial,719
aluno_437,Escola_Morgado_Rosa,2126
aluno_437,Escola_Getulio_Vargas,1428
aluno_438,Escola_Central_A,1184
aluno_437,Escola_Castro_Alves,3451
aluno_438,Escola_Zona_Norte,2451
aluno_438,Escola_Central_B,1699
aluno_439,Escola_Central_B,2208
aluno_438,Escola_Menno_Fiege,2925
aluno_438,Escola_Castro_Alves,2941
aluno_438,Escola_Getulio_Vargas,2027
aluno_440,Escola_Central_A,194
aluno_438,Escola_Passo_Pedras,883
aluno_438,Escola_Morgado_Rosa,2830
aluno_438,Escola_Industrial,1422
aluno_438,Escola_Zona_Leste,3768
aluno_439,Escola_Zona_Leste,4277
aluno_439,Escola_Central_A,1693
aluno_440,Escola_Central_B,713
aluno_439,Escola_Passo_Pedras,185
aluno_439,Escola_Menno_Fiege,3435
aluno_440,Escola_Passo_Pedras,1333
aluno_439,Escola_Castro_Alves,3078
aluno_439,Escola_Zona_Norte,2961
aluno_440,Escola_Zona_Norte,1472
aluno_439,Escola_Industrial,2381
aluno_439,Escola_Morgado_Rosa,3536
aluno_439,Escola_Getulio_Vargas,2863
aluno_440,Escola_Morgado_Rosa,2699
aluno_440,Escola_Castro_Alves,2885
aluno_441,Escola_Central_A,2041
aluno_440,Escola_Industrial,1375
aluno_441,Escola_Zona_Norte,3325
aluno_440,Escola_Menno_Fiege,1940
aluno_441,Escola_Menno_Fiege,3064
aluno_440,Escola_Getulio_Vargas,1771
aluno_441,Escola_Central_B,1846
aluno_440,Escola_Zona_Leste,2782
aluno_441,Escola_Passo_Pedras,2460
aluno_441,Escola_Industrial,649
aluno_441,Escola_Zona_Leste,3912
aluno_441,Escola_Getulio_Vargas,1645
aluno_442,Escola_Central_A,1777
aluno_442,Escola_Menno_Fiege,2761
aluno_441,Escola_Castro_Alves,4691
aluno_442,Escola_Central_B,2120
aluno_441,Escola_Morgado_Rosa,1109
aluno_442,Escola_Zona_Norte,2159
aluno_443,Escola_Zona_Norte,2834
aluno_442,Escola_Castro_Alves,1167
aluno_443,Escola_Menno_Fiege,1537
aluno_442,Escola_Passo_Pedras,1749
aluno_442,Escola_Morgado_Rosa,4422
aluno_442,Escola_Industrial,3048
aluno_443,Escola_Central_A,1668
aluno_442,Escola_Zona_Leste,4053
aluno_443,Escola_Central_B,1390
aluno_442,Escola_Getulio_Vargas,3454
aluno_443,Escola_Morgado_Rosa,1676
aluno_443,Escola_Passo_Pedras,2819
aluno_444,Escola_Central_A,1217
aluno_443,Escola_Industrial,1460
aluno_444,Escola_Central_B,939
aluno_444,Escola_Menno_Fiege,1091
aluno_443,Escola_Zona_Leste,2200
aluno_444,Escola_Zona_Norte,2389
aluno_444,Escola_Passo_Pedras,2570
aluno_444,Escola_Morgado_Rosa,2022
aluno_444,Escola_Zona_Leste,1754
aluno_443,Escola_Getulio_Vargas,342
aluno_445,Escola_Central_A,1225
aluno_445,Escola_Central_B,1743
aluno_444,Escola_Industrial,1528
aluno_443,Escola_Castro_Alves,4306
aluno_444,Escola_Getulio_Vargas,534
aluno_445,Escola_Passo_Pedras,1695
aluno_444,Escola_Castro_Alves,3860
aluno_445,Escola_Zona_Norte,2510
aluno_445,Escola_Getulio_Vargas,1787
aluno_445,Escola_Industrial,831
aluno_445,Escola_Menno_Fiege,2967
aluno_446,Escola_Zona_Norte,3423
aluno_446,Escola_Passo_Pedras,1326
aluno_446,Escola_Central_A,2146
aluno_446,Escola_Morgado_Rosa,3120
aluno_445,Escola_Morgado_Rosa,1823
aluno_445,Escola_Zona_Leste,3815
aluno_446,Escola_Menno_Fiege,3891
aluno_445,Escola_Castro_Alves,3924
aluno_446,Escola_Central_B,2665
aluno_447,Escola_Central_A,1493
aluno_446,Escola_Industrial,2000
aluno_447,Escola_Menno_Fiege,322
aluno_446,Escola_Zona_Leste,4734
aluno_447,Escola_Zona_Norte,1344
aluno_447,Escola_Passo_Pedras,2978
aluno_446,Escola_Getulio_Vargas,2709
aluno_447,Escola_Central_B,961
aluno_447,Escola_Morgado_Rosa,3089
aluno_446,Escola_Castro_Alves,4241
aluno_448,Escola_Central_A,1931
aluno_447,Escola_Getulio_Vargas,1600
aluno_448,Escola_Zona_Norte,3103
aluno_447,Escola_Industrial,2123
aluno_448,Escola_Central_B,1653
aluno_447,Escola_Zona_Leste,1675
aluno_448,Escola_Passo_Pedras,2907
aluno_447,Escola_Castro_Alves,2815
aluno_448,Escola_Morgado_Rosa,1308
aluno_449,Escola_Zona_Norte,1514
aluno_448,Escola_Menno_Fiege,1806
aluno_448,Escola_Industrial,1194
aluno_449,Escola_Central_A,993
aluno_448,Escola_Zona_Leste,2469
aluno_449,Escola_Menno_Fiege,794
aluno_448,Escola_Castro_Alves,4575
aluno_449,Escola_Passo_Pedras,2476
aluno_449,Escola_Central_B,466
aluno_449,Escola_Zona_Leste,1761
aluno_449,Escola_Castro_Alves,2948
aluno_448,Escola_Getulio_Vargas,211
aluno_449,Escola_Morgado_Rosa,2936
aluno_449,Escola_Getulio_Vargas,1488
aluno_450,Escola_Zona_Norte,2778
aluno_450,Escola_Morgado_Rosa,1480
aluno_450,Escola_Zona_Leste,3635
aluno_450,Escola_Central_A,1481
aluno_450,Escola_Menno_Fiege,2787
aluno_450,Escola_Central_B,1569
aluno_451,Escola_Central_A,1335
aluno_450,Escola_Getulio_Vargas,1490
aluno_451,Escola_Passo_Pedras,1264
aluno_451,Escola_Zona_Norte,2178
aluno_449,Escola_Industrial,1621
aluno_450,Escola_Castro_Alves,4190
aluno_451,Escola_Menno_Fiege,2780
aluno_451,Escola_Morgado_Rosa,3983
aluno_451,Escola_Central_B,1678
aluno_452,Escola_Central_A,1355
aluno_451,Escola_Zona_Leste,3783
aluno_451,Escola_Industrial,2610
aluno_450,Escola_Industrial,376
aluno_450,Escola_Passo_Pedras,2175
aluno_452,Escola_Central_B,816
aluno_451,Escola_Castro_Alves,2064
aluno_452,Escola_Industrial,2006
aluno_451,Escola_Getulio_Vargas,3015
aluno_452,Escola_Zona_Norte,939
aluno_452,Escola_Morgado_Rosa,3321
aluno_453,Escola_Central_A,1632
aluno_452,Escola_Castro_Alves,2410
aluno_452,Escola_Menno_Fiege,780
aluno_452,Escola_Getulio_Vargas,2037
aluno_452,Escola_Zona_Leste,1913
aluno_453,Escola_Zona_Norte,2900
aluno_453,Escola_Passo_Pedras,215
aluno_452,Escola_Passo_Pedras,2849
aluno_453,Escola_Menno_Fiege,3374
aluno_453,Escola_Castro_Alves,2993
aluno_453,Escola_Morgado_Rosa,3600
aluno_453,Escola_Getulio_Vargas,2802
aluno_454,Escola_Central_A,834
aluno_453,Escola_Central_B,2147
aluno_453,Escola_Industrial,2320
aluno_454,Escola_Central_B,1302
aluno_454,Escola_Zona_Norte,2131
aluno_454,Escola_Passo_Pedras,1596
aluno_453,Escola_Zona_Leste,4216
aluno_454,Escola_Morgado_Rosa,2038
aluno_454,Escola_Menno_Fiege,2526
aluno_454,Escola_Zona_Leste,3374
aluno_454,Escola_Industrial,630
aluno_455,Escola_Central_A,1966
aluno_454,Escola_Getulio_Vargas,1340
aluno_455,Escola_Central_B,1433
aluno_455,Escola_Menno_Fiege,995
aluno_455,Escola_Morgado_Rosa,2992
aluno_455,Escola_Zona_Norte,2114
aluno_455,Escola_Industrial,2479
aluno_455,Escola_Zona_Leste,877
aluno_454,Escola_Castro_Alves,3543
aluno_455,Escola_Castro_Alves,3585
aluno_456,Escola_Menno_Fiege,1695
aluno_456,Escola_Passo_Pedras,2438
aluno_455,Escola_Passo_Pedras,3331
aluno_456,Escola_Zona_Norte,2913
aluno_456,Escola_Central_B,1362
aluno_456,Escola_Morgado_Rosa,1708
aluno_455,Escola_Getulio_Vargas,1504
aluno_456,Escola_Industrial,1118
aluno_456,Escola_Central_A,1616
aluno_456,Escola_Getulio_Vargas,260
aluno_456,Escola_Zona_Leste,2358
aluno_457,Escola_Zona_Norte,230
aluno_457,Escola_Central_B,1375
aluno_457,Escola_Central_A,1101
aluno_456,Escola_Castro_Alves,4326
aluno_457,Escola_Passo_Pedras,2599
aluno_457,Escola_Menno_Fiege,1289
aluno_457,Escola_Morgado_Rosa,3863
aluno_458,Escola_Passo_Pedras,3877
aluno_458,Escola_Central_A,2392
aluno_457,Escola_Castro_Alves,1614
aluno_458,Escola_Menno_Fiege,1005
aluno_457,Escola_Zona_Leste,2343
aluno_458,Escola_Central_B,1860
aluno_457,Escola_Getulio_Vargas,2780
aluno_459,Escola_Passo_Pedras,848
aluno_458,Escola_Zona_Norte,1167
aluno_457,Escola_Industrial,2546
aluno_458,Escola_Industrial,3022
aluno_458,Escola_Morgado_Rosa,4116
aluno_459,Escola_Menno_Fiege,4119
aluno_459,Escola_Central_A,2378
aluno_458,Escola_Castro_Alves,2265
aluno_459,Escola_Zona_Norte,3645
aluno_458,Escola_Getulio_Vargas,2627
aluno_459,Escola_Morgado_Rosa,3865
aluno_458,Escola_Zona_Leste,2061
aluno_459,Escola_Central_B,2892
aluno_460,Escola_Central_A,330
aluno_459,Escola_Zona_Leste,4961
aluno_459,Escola_Industrial,2751
aluno_459,Escola_Castro_Alves,3578
aluno_460,Escola_Menno_Fiege,2035
aluno_460,Escola_Industrial,1645
aluno_459,Escola_Getulio_Vargas,3460
aluno_460,Escola_Castro_Alves,2751
aluno_460,Escola_Getulio_Vargas,1943
aluno_460,Escola_Central_B,796
aluno_461,Escola_Central_A,2378
aluno_460,Escola_Passo_Pedras,1277
aluno_460,Escola_Morgado_Rosa,2963
aluno_461,Escola_Central_B,2892
aluno_460,Escola_Zona_Norte,1521
aluno_460,Escola_Zona_Leste,2954
aluno_461,Escola_Morgado_Rosa,3657
aluno_461,Escola_Passo_Pedras,848
aluno_461,Escola_Zona_Norte,3645
aluno_461,Escola_Getulio_Vargas,3245
aluno_461,Escola_Menno_Fiege,4119
aluno_462,Escola_Central_A,1828
aluno_461,Escola_Castro_Alves,3763
aluno_461,Escola_Zona_Leste,4961
aluno_462,Escola_Central_B,2347
aluno_461,Escola_Industrial,2536
aluno_462,Escola_Zona_Norte,3105
aluno_462,Escola_Passo_Pedras,1033
aluno_462,Escola_Morgado_Rosa,2436
aluno_462,Escola_Industrial,1443
aluno_462,Escola_Menno_Fiege,3573
aluno_462,Escola_Getulio_Vargas,2391
aluno_462,Escola_Zona_Leste,4416
aluno_462,Escola_Castro_Alves,3947
aluno_463,Escola_Menno_Fiege,2409
aluno_463,Escola_Morgado_Rosa,920
aluno_463,Escola_Central_B,2063
aluno_463,Escola_Central_A,2317
aluno_463,Escola_Zona_Norte,3614
aluno_463,Escola_Industrial,1309
aluno_463,Escola_Passo_Pedras,3139
aluno_463,Escola_Castro_Alves,5027
aluno_464,Escola_Zona_Norte,2184
aluno_463,Escola_Zona_Leste,3072
aluno_463,Escola_Getulio_Vargas,814
aluno_464,Escola_Central_A,2686
aluno_464,Escola_Central_B,2154
aluno_464,Escola_Menno_Fiege,1103
aluno_464,Escola_Passo_Pedras,4108
aluno_464,Escola_Zona_Leste,992
aluno_465,Escola_Central_B,1577
aluno_464,Escola_Getulio_Vargas,2281
aluno_465,Escola_Central_A,1855
aluno_465,Escola_Getulio_Vargas,736
aluno_464,Escola_Morgado_Rosa,3769
aluno_465,Escola_Passo_Pedras,3064
aluno_466,Escola_Central_B,901
aluno_465,Escola_Zona_Norte,3003
aluno_464,Escola_Castro_Alves,3282
aluno_465,Escola_Zona_Leste,2369
aluno_465,Escola_Morgado_Rosa,1744
aluno_466,Escola_Central_A,1185
aluno_466,Escola_Zona_Norte,700
aluno_465,Escola_Industrial,1744
aluno_465,Escola_Menno_Fiege,1706
aluno_464,Escola_Industrial,3256
aluno_466,Escola_Menno_Fiege,1039
aluno_466,Escola_Industrial,2098
aluno_465,Escola_Castro_Alves,4475
aluno_466,Escola_Morgado_Rosa,3414
aluno_466,Escola_Passo_Pedras,2680
aluno_466,Escola_Castro_Alves,2114
aluno_466,Escola_Zona_Leste,2094
aluno_467,Escola_Zona_Norte,532
aluno_466,Escola_Getulio_Vargas,2295
aluno_467,Escola_Central_A,1256
aluno_467,Escola_Central_B,1079
aluno_467,Escola_Menno_Fiege,958
aluno_467,Escola_Industrial,2276
aluno_467,Escola_Passo_Pedras,2750
aluno_468,Escola_Central_A,2284
aluno_467,Escola_Getulio_Vargas,2449
aluno_468,Escola_Zona_Norte,3552
aluno_468,Escola_Zona_Leste,4868
aluno_468,Escola_Menno_Fiege,4026
aluno_467,Escola_Castro_Alves,1944
aluno_468,Escola_Castro_Alves,3313
aluno_467,Escola_Zona_Leste,2013
aluno_468,Escola_Industrial,2698
aluno_467,Escola_Morgado_Rosa,3592
aluno_468,Escola_Passo_Pedras,754
aluno_468,Escola_Getulio_Vargas,3407
aluno_469,Escola_Central_A,878
aluno_469,Escola_Morgado_Rosa,3458
aluno_469,Escola_Passo_Pedras,1028
aluno_468,Escola_Morgado_Rosa,3812
aluno_469,Escola_Zona_Norte,1946
aluno_469,Escola_Menno_Fiege,2540
aluno_468,Escola_Central_B,2799
aluno_469,Escola_Zona_Leste,3501
aluno_469,Escola_Central_B,1303
aluno_469,Escola_Industrial,2084
aluno_470,Escola_Zona_Norte,2011
aluno_471,Escola_Zona_Norte,951
aluno_470,Escola_Central_A,1788
aluno_471,Escola_Central_B,648
aluno_470,Escola_Castro_Alves,3482
aluno_470,Escola_Menno_Fiege,864
aluno_470,Escola_Zona_Leste,963
aluno_470,Escola_Passo_Pedras,3153
aluno_469,Escola_Getulio_Vargas,2490
aluno_471,Escola_Central_A,736
aluno_470,Escola_Industrial,2301
aluno_469,Escola_Castro_Alves,2131
aluno_470,Escola_Morgado_Rosa,2814
aluno_471,Escola_Menno_Fiege,1107
aluno_470,Escola_Getulio_Vargas,1326
aluno_471,Escola_Morgado_Rosa,3160
aluno_471,Escola_Zona_Leste,2294
aluno_471,Escola_Passo_Pedras,2230
aluno_470,Escola_Central_B,1255
aluno_471,Escola_Industrial,1845
aluno_472,Escola_Zona_Norte,1234
aluno_472,Escola_Central_B,1713
aluno_472,Escola_Central_A,2246
aluno_472,Escola_Menno_Fiege,714
aluno_471,Escola_Castro_Alves,2364
aluno_472,Escola_Industrial,2875
aluno_472,Escola_Zona_Leste,1770
aluno_472,Escola_Passo_Pedras,3731
aluno_471,Escola_Getulio_Vargas,2076
aluno_473,Escola_Zona_Norte,4076
aluno_473,Escola_Morgado_Rosa,166
aluno_472,Escola_Morgado_Rosa,3826
aluno_473,Escola_Central_A,2779
aluno_473,Escola_Passo_Pedras,3477
aluno_473,Escola_Industrial,1531
aluno_472,Escola_Castro_Alves,2331
aluno_473,Escola_Central_B,2524
aluno_472,Escola_Getulio_Vargas,2338
aluno_473,Escola_Zona_Leste,3787
aluno_473,Escola_Menno_Fiege,3124
aluno_473,Escola_Castro_Alves,5488
aluno_474,Escola_Central_A,2330
aluno_473,Escola_Getulio_Vargas,1530
aluno_474,Escola_Menno_Fiege,4072
aluno_475,Escola_Morgado_Rosa,2153
aluno_474,Escola_Morgado_Rosa,3826
aluno_474,Escola_Central_B,2845
aluno_474,Escola_Getulio_Vargas,3420
aluno_475,Escola_Zona_Leste,4202
aluno_475,Escola_Industrial,1160
aluno_474,Escola_Passo_Pedras,800
aluno_474,Escola_Zona_Norte,3598
aluno_475,Escola_Zona_Norte,2898
aluno_474,Escola_Zona_Leste,4914
aluno_476,Escola_Central_A,2851
aluno_475,Escola_Central_B,2131
aluno_475,Escola_Menno_Fiege,3354
aluno_475,Escola_Central_A,1613
aluno_475,Escola_Passo_Pedras,1986
aluno_474,Escola_Industrial,2711
aluno_475,Escola_Getulio_Vargas,2175
aluno_474,Escola_Castro_Alves,3531
aluno_476,Escola_Industrial,3370
aluno_476,Escola_Zona_Leste,561
aluno_476,Escola_Central_B,2318
aluno_476,Escola_Zona_Norte,2584
aluno_476,Escola_Morgado_Rosa,3884
aluno_475,Escola_Castro_Alves,4216
aluno_476,Escola_Passo_Pedras,4222
aluno_476,Escola_Menno_Fiege,1469
aluno_476,Escola_Castro_Alves,4055
aluno_477,Escola_Passo_Pedras,826
aluno_476,Escola_Getulio_Vargas,2395
aluno_477,Escola_Menno_Fiege,4097
aluno_477,Escola_Central_B,2871
aluno_477,Escola_Central_A,2356
aluno_477,Escola_Getulio_Vargas,3374
aluno_477,Escola_Industrial,2665
aluno_477,Escola_Zona_Leste,4940
aluno_477,Escola_Castro_Alves,3741
aluno_477,Escola_Morgado_Rosa,3780
aluno_478,Escola_Zona_Norte,2513
aluno_478,Escola_Central_A,3222
aluno_477,Escola_Zona_Norte,3624
aluno_478,Escola_Central_B,2689
aluno_478,Escola_Morgado_Rosa,4376
aluno_478,Escola_Passo_Pedras,4706
aluno_478,Escola_Menno_Fiege,1638
aluno_478,Escola_Industrial,3851
aluno_478,Escola_Zona_Leste,2175
aluno_478,Escola_Castro_Alves,3611
aluno_479,Escola_Industrial,736
aluno_479,Escola_Morgado_Rosa,1384
aluno_479,Escola_Central_A,1920
aluno_478,Escola_Getulio_Vargas,2888
aluno_479,Escola_Central_B,1932
aluno_479,Escola_Zona_Norte,3205
aluno_480,Escola_Central_A,2993
aluno_480,Escola_Menno_Fiege,3338
aluno_479,Escola_Menno_Fiege,3151
aluno_479,Escola_Passo_Pedras,2340
aluno_479,Escola_Zona_Leste,3998
aluno_480,Escola_Central_B,2738
aluno_479,Escola_Getulio_Vargas,1854
aluno_479,Escola_Castro_Alves,4571
aluno_480,Escola_Passo_Pedras,3692
aluno_480,Escola_Zona_Norte,4290
aluno_480,Escola_Morgado_Rosa,233
aluno_480,Escola_Zona_Leste,4001
aluno_480,Escola_Industrial,1747
aluno_480,Escola_Castro_Alves,5702
aluno_481,Escola_Zona_Norte,1190
aluno_480,Escola_Getulio_Vargas,1743
aluno_481,Escola_Central_A,1340
aluno_481,Escola_Central_B,807
aluno_481,Escola_Castro_Alves,2661
aluno_481,Escola_Industrial,1969
aluno_481,Escola_Zona_Leste,1829
aluno_481,Escola_Passo_Pedras,2825
aluno_481,Escola_Menno_Fiege,476
aluno_482,Escola_Zona_Norte,1099
aluno_481,Escola_Morgado_Rosa,3221
aluno_482,Escola_Central_B,1896
aluno_481,Escola_Getulio_Vargas,1733
aluno_483,Escola_Central_A,795
aluno_482,Escola_Menno_Fiege,2043
aluno_483,Escola_Zona_Norte,1631
aluno_483,Escola_Central_B,1141
aluno_482,Escola_Central_A,1613
aluno_482,Escola_Castro_Alves,2513
aluno_483,Escola_Menno_Fiege,2180
aluno_482,Escola_Industrial,3063
aluno_482,Escola_Passo_Pedras,2244
aluno_482,Escola_Zona_Leste,3097
aluno_482,Escola_Morgado_Rosa,4380
aluno_483,Escola_Passo_Pedras,1274
aluno_483,Escola_Morgado_Rosa,3538
aluno_482,Escola_Getulio_Vargas,3315
aluno_483,Escola_Zona_Leste,3143
aluno_484,Escola_Morgado_Rosa,242
aluno_483,Escola_Getulio_Vargas,2517
aluno_485,Escola_Central_A,1160
aluno_484,Escola_Central_B,2748
aluno_484,Escola_Castro_Alves,5712
aluno_484,Escola_Central_A,3002
aluno_483,Escola_Industrial,2193
aluno_483,Escola_Castro_Alves,2222
aluno_485,Escola_Passo_Pedras,1553
aluno_484,Escola_Passo_Pedras,3702
aluno_485,Escola_Central_B,1679
aluno_484,Escola_Getulio_Vargas,1753
aluno_485,Escola_Zona_Norte,2437
aluno_484,Escola_Zona_Norte,4299
aluno_485,Escola_Morgado_Rosa,2149
aluno_485,Escola_Menno_Fiege,2905
aluno_484,Escola_Industrial,1756
aluno_484,Escola_Menno_Fiege,3347
aluno_484,Escola_Zona_Leste,4010
aluno_485,Escola_Castro_Alves,3550
aluno_485,Escola_Zona_Leste,3748
aluno_485,Escola_Industrial,1013
aluno_485,Escola_Getulio_Vargas,1723
aluno_486,Escola_Zona_Norte,680
aluno_486,Escola_Menno_Fiege,803
aluno_486,Escola_Central_A,1682
aluno_486,Escola_Zona_Leste,1857
aluno_486,Escola_Central_B,1164
aluno_486,Escola_Getulio_Vargas,2304
aluno_487,Escola_Central_A,1938
aluno_487,Escola_Zona_Norte,2018
aluno_487,Escola_Morgado_Rosa,2965
aluno_487,Escola_Passo_Pedras,3304
aluno_486,Escola_Passo_Pedras,3177
aluno_486,Escola_Morgado_Rosa,3676
aluno_487,Escola_Central_B,1406
aluno_488,Escola_Central_A,1546
aluno_486,Escola_Castro_Alves,2151
aluno_487,Escola_Zona_Leste,825
aluno_487,Escola_Industrial,2452
aluno_487,Escola_Menno_Fiege,898
aluno_486,Escola_Industrial,2361
aluno_487,Escola_Castro_Alves,3489
aluno_487,Escola_Getulio_Vargas,1477
aluno_488,Escola_Zona_Norte,2831
aluno_488,Escola_Central_B,1919
aluno_488,Escola_Industrial,723
aluno_488,Escola_Passo_Pedras,1966
aluno_488,Escola_Menno_Fiege,3138
aluno_489,Escola_Morgado_Rosa,1913
aluno_489,Escola_Passo_Pedras,3232
aluno_489,Escola_Zona_Norte,2948
aluno_488,Escola_Morgado_Rosa,1649
aluno_488,Escola_Castro_Alves,4197
aluno_489,Escola_Industrial,1913
aluno_489,Escola_Zona_Leste,2313
aluno_489,Escola_Central_A,1911
aluno_489,Escola_Menno_Fiege,1650
aluno_489,Escola_Central_B,1633
aluno_490,Escola_Central_A,985
aluno_490,Escola_Central_B,1504
aluno_489,Escola_Getulio_Vargas,905
aluno_488,Escola_Zona_Leste,3985
aluno_490,Escola_Zona_Norte,2265
aluno_490,Escola_Morgado_Rosa,2355
aluno_489,Escola_Castro_Alves,4419
aluno_488,Escola_Getulio_Vargas,1841
aluno_490,Escola_Menno_Fiege,2731
aluno_490,Escola_Passo_Pedras,1314
aluno_491,Escola_Central_A,2473
aluno_490,Escola_Industrial,947
aluno_490,Escola_Getulio_Vargas,1656
aluno_492,Escola_Zona_Norte,2005
aluno_491,Escola_Getulio_Vargas,1048
aluno_491,Escola_Morgado_Rosa,1040
aluno_492,Escola_Central_B,2180
aluno_491,Escola_Menno_Fiege,2642
aluno_490,Escola_Zona_Leste,3574
aluno_492,Escola_Menno_Fiege,1130
aluno_491,Escola_Zona_Norte,3770
aluno_491,Escola_Central_B,2219
aluno_491,Escola_Castro_Alves,5183
aluno_491,Escola_Passo_Pedras,3295
aluno_492,Escola_Zona_Leste,1666
aluno_490,Escola_Castro_Alves,3310
aluno_492,Escola_Central_A,2713
aluno_492,Escola_Morgado_Rosa,3868
aluno_491,Escola_Zona_Leste,3305
aluno_492,Escola_Passo_Pedras,4197
aluno_492,Escola_Castro_Alves,3103
aluno_491,Escola_Industrial,1465
aluno_493,Escola_Central_A,1766
aluno_492,Escola_Industrial,3342
aluno_493,Escola_Central_B,2285
aluno_492,Escola_Getulio_Vargas,2379
aluno_493,Escola_Menno_Fiege,3511
aluno_493,Escola_Passo_Pedras,758
aluno_493,Escola_Morgado_Rosa,2810
aluno_493,Escola_Zona_Norte,3043
aluno_494,Escola_Getulio_Vargas,2602
aluno_493,Escola_Zona_Leste,4354
aluno_493,Escola_Castro_Alves,3673
aluno_494,Escola_Passo_Pedras,603
aluno_493,Escola_Industrial,1620
aluno_494,Escola_Central_A,2038
aluno_494,Escola_Central_B,2558
aluno_494,Escola_Morgado_Rosa,3007
aluno_494,Escola_Zona_Norte,3316
aluno_494,Escola_Menno_Fiege,3784
aluno_494,Escola_Castro_Alves,3517
aluno_493,Escola_Getulio_Vargas,2329
aluno_494,Escola_Zona_Leste,4627
aluno_494,Escola_Industrial,1893
aluno_495,Escola_Central_A,2064
aluno_495,Escola_Central_B,2338
aluno_495,Escola_Zona_Norte,832
aluno_495,Escola_Menno_Fiege,2251
aluno_495,Escola_Passo_Pedras,3541
aluno_495,Escola_Zona_Leste,3305
aluno_495,Escola_Morgado_Rosa,4827
aluno_495,Escola_Industrial,3509
aluno_495,Escola_Getulio_Vargas,3743
aluno_496,Escola_Central_B,2954
aluno_496,Escola_Zona_Norte,3707
aluno_496,Escola_Castro_Alves,3824
aluno_496,Escola_Getulio_Vargas,3375
aluno_497,Escola_Central_A,2321
aluno_496,Escola_Industrial,2665
aluno_496,Escola_Central_A,2439
aluno_496,Escola_Menno_Fiege,4180
aluno_495,Escola_Castro_Alves,779
aluno_497,Escola_Zona_Norte,1089
aluno_496,Escola_Zona_Leste,5023
aluno_497,Escola_Central_B,2595
aluno_496,Escola_Morgado_Rosa,3786
aluno_496,Escola_Passo_Pedras,909
aluno_497,Escola_Passo_Pedras,3477
aluno_497,Escola_Menno_Fiege,2507
aluno_498,Escola_Central_A,1953
aluno_498,Escola_Central_B,1701
aluno_497,Escola_Zona_Leste,3561
aluno_497,Escola_Industrial,3765
aluno_497,Escola_Castro_Alves,707
aluno_497,Escola_Getulio_Vargas,4000
aluno_497,Escola_Morgado_Rosa,5083
aluno_498,Escola_Morgado_Rosa,1116
aluno_498,Escola_Menno_Fiege,2870
aluno_498,Escola_Passo_Pedras,2580
aluno_498,Escola_Zona_Leste,3534
aluno_498,Escola_Industrial,504
aluno_498,Escola_Zona_Norte,3250
aluno_498,Escola_Castro_Alves,4663
aluno_498,Escola_Getulio_Vargas,1247
aluno_499,Escola_Zona_Norte,2655
aluno_499,Escola_Central_B,1103
aluno_499,Escola_Passo_Pedras,2179
aluno_499,Escola_Menno_Fiege,2131
aluno_499,Escola_Morgado_Rosa,1496
aluno_499,Escola_Central_A,1358
aluno_499,Escola_Industrial,626
aluno_499,Escola_Zona_Leste,2794
aluno_499,Escola_Getulio_Vargas,656
aluno_500,Escola_Passo_Pedras,2983
aluno_500,Escola_Central_A,2621
aluno_500,Escola_Central_B,2895
aluno_500,Escola_Menno_Fiege,2807
aluno_499,Escola_Castro_Alves,4067
aluno_500,Escola_Zona_Norte,1389
aluno_500,Escola_Morgado_Rosa,5383
aluno_500,Escola_Castro_Alves,302
aluno_500,Escola_Getulio_Vargas,4300
aluno_500,Escola_Industrial,4066
aluno_500,Escola_Zona_Leste,3862
